bank,base_url,pdf_url,resolved_pdf_url
State Bank of India,https://www.sbi.co.in/portal/web/corporate-governance/annual-report,/documents/17826/17948/1225082900515-pressrel.pdf,https://www.sbi.co.in/documents/17826/17948/1225082900515-pressrel.pdf
State Bank of India,https://www.sbi.co.in/portal/web/corporate-governance/annual-report,/documents/17826/35696/Corporate-Strategy_New-Businesses_20080610.pdf,https://www.sbi.co.in/documents/17826/35696/Corporate-Strategy_New-Businesses_20080610.pdf
State Bank of India,https://www.sbi.co.in/portal/web/corporate-governance/annual-report,/documents/17826/17948/RESULTS_MAR18.pdf,https://www.sbi.co.in/documents/17826/17948/RESULTS_MAR18.pdf
State Bank of India,https://www.sbi.co.in/portal/web/corporate-governance/annual-report,/documents/17826/30078/20042017.pdf,https://www.sbi.co.in/documents/17826/30078/20042017.pdf
State Bank of India,https://www.sbi.co.in/portal/web/corporate-governance/annual-report,/documents/17826/35696/1339769825519_DIRECTORS_REPORT1_AR12.pdf,https://www.sbi.co.in/documents/17826/35696/1339769825519_DIRECTORS_REPORT1_AR12.pdf
State Bank of India,https://www.sbi.co.in/portal/web/corporate-governance/annual-report,/documents/17826/30078/Mergerorder.pdf,https://www.sbi.co.in/documents/17826/30078/Mergerorder.pdf
State Bank of India,https://www.sbi.co.in/portal/web/corporate-governance/annual-report,/documents/17826/30078/24032017.pdf,https://www.sbi.co.in/documents/17826/30078/24032017.pdf
State Bank of India,https://www.sbi.co.in/portal/web/corporate-governance/annual-report,https://www.sbi.co.in/documents/17826/39476791/160923-bank.sbi_4.pdf,https://www.sbi.co.in/documents/17826/39476791/160923-bank.sbi_4.pdf
State Bank of India,https://www.sbi.co.in/portal/web/corporate-governance/annual-report,/documents/17826/30078/NoticeofBM.pdf,https://www.sbi.co.in/documents/17826/30078/NoticeofBM.pdf
State Bank of India,https://www.sbi.co.in/portal/web/corporate-governance/annual-report,/documents/17826/30998/NSE_2may.pdf,https://www.sbi.co.in/documents/17826/30998/NSE_2may.pdf
State Bank of India,https://www.sbi.co.in/portal/web/corporate-governance/annual-report,/documents/17826/30849/Disclosureur30.pdf,https://www.sbi.co.in/documents/17826/30849/Disclosureur30.pdf
State Bank of India,https://www.sbi.co.in/portal/web/corporate-governance/annual-report,/documents/17826/35696/Official_Languages-and-Responsibility_Statement_20080610.pdf,https://www.sbi.co.in/documents/17826/35696/Official_Languages-and-Responsibility_Statement_20080610.pdf
State Bank of India,https://www.sbi.co.in/portal/web/corporate-governance/annual-report,/documents/17826/33945/LCR_December_2016.pdf,https://www.sbi.co.in/documents/17826/33945/LCR_December_2016.pdf
State Bank of India,https://www.sbi.co.in/portal/web/corporate-governance/annual-report,/documents/17826/35696/1339769825519_Coverpage2_AR12.pdf,https://www.sbi.co.in/documents/17826/35696/1339769825519_Coverpage2_AR12.pdf
State Bank of India,https://www.sbi.co.in/portal/web/corporate-governance/annual-report,/documents/17826/34801/10052019_FINAL_P3D-DFs_Mar_2019_DTD_10MAY2019.pdf,https://www.sbi.co.in/documents/17826/34801/10052019_FINAL_P3D-DFs_Mar_2019_DTD_10MAY2019.pdf
State Bank of India,https://www.sbi.co.in/portal/web/corporate-governance/annual-report,/documents/17826/35696/25-29.pdf,https://www.sbi.co.in/documents/17826/35696/25-29.pdf
State Bank of India,https://www.sbi.co.in/portal/web/corporate-governance/annual-report,/documents/17826/30078/Disclosure16032017.pdf,https://www.sbi.co.in/documents/17826/30078/Disclosure16032017.pdf
State Bank of India,https://www.sbi.co.in/portal/web/corporate-governance/annual-report,/documents/17826/35696/43-45.pdf,https://www.sbi.co.in/documents/17826/35696/43-45.pdf
State Bank of India,https://www.sbi.co.in/portal/web/corporate-governance/annual-report,/documents/17826/30078/Announcemnnt.pdf,https://www.sbi.co.in/documents/17826/30078/Announcemnnt.pdf
State Bank of India,https://www.sbi.co.in/portal/web/corporate-governance/annual-report,/documents/17826/17948/1376301352211_UNAUDITED_FINANCIAL_RESULTS_30TH_JUNE13.pdf,https://www.sbi.co.in/documents/17826/17948/1376301352211_UNAUDITED_FINANCIAL_RESULTS_30TH_JUNE13.pdf
State Bank of India,https://www.sbi.co.in/portal/web/corporate-governance/annual-report,/documents/17826/35696/1307544010161_12.pdf,https://www.sbi.co.in/documents/17826/35696/1307544010161_12.pdf
State Bank of India,https://www.sbi.co.in/portal/web/corporate-governance/annual-report,/documents/17826/30078/Disclosure04032017.pdf,https://www.sbi.co.in/documents/17826/30078/Disclosure04032017.pdf
State Bank of India,https://www.sbi.co.in/portal/web/corporate-governance/annual-report,/documents/17826/30078/Disclosure20.pdf,https://www.sbi.co.in/documents/17826/30078/Disclosure20.pdf
State Bank of India,https://www.sbi.co.in/portal/web/corporate-governance/annual-report,/documents/17826/30078/Disclosure97.pdf,https://www.sbi.co.in/documents/17826/30078/Disclosure97.pdf
State Bank of India,https://www.sbi.co.in/portal/web/corporate-governance/annual-report,/documents/17826/35696/SBI_SR_V12Oct_hindi.pdf,https://www.sbi.co.in/documents/17826/35696/SBI_SR_V12Oct_hindi.pdf
State Bank of India,https://www.sbi.co.in/portal/web/corporate-governance/annual-report,/documents/17826/30078/Disclosure23022017.pdf,https://www.sbi.co.in/documents/17826/30078/Disclosure23022017.pdf
State Bank of India,https://www.sbi.co.in/portal/web/corporate-governance/annual-report,/documents/17826/33694/251019-SB+Group+LCR+Disclosure+30th+SEPTEMBER+2019+for+publication.pdf,https://www.sbi.co.in/documents/17826/33694/251019-SB+Group+LCR+Disclosure+30th+SEPTEMBER+2019+for+publication.pdf
State Bank of India,https://www.sbi.co.in/portal/web/corporate-governance/annual-report,/documents/16337/16538/241221-SBI-LIBOR_Transition_Compendium_-_Booklet_Digital+-Ver+3-Dec+2021.pdf,https://www.sbi.co.in/documents/16337/16538/241221-SBI-LIBOR_Transition_Compendium_-_Booklet_Digital+-Ver+3-Dec+2021.pdf
State Bank of India,https://www.sbi.co.in/portal/web/corporate-governance/annual-report,/documents/17826/34475/1341038386445_SBI_MAIN_PILLAR_III_31MARCH12.pdf,https://www.sbi.co.in/documents/17826/34475/1341038386445_SBI_MAIN_PILLAR_III_31MARCH12.pdf
State Bank of India,https://www.sbi.co.in/portal/web/corporate-governance/annual-report,/documents/17826/30849/Disclosure27092016.pdf,https://www.sbi.co.in/documents/17826/30849/Disclosure27092016.pdf
State Bank of India,https://www.sbi.co.in/portal/web/corporate-governance/annual-report,/documents/17826/17948/1340263865695_AUDITRESULTS_MAR_12.pdf,https://www.sbi.co.in/documents/17826/17948/1340263865695_AUDITRESULTS_MAR_12.pdf
State Bank of India,https://www.sbi.co.in/portal/web/corporate-governance/annual-report,/documents/17826/34475/1325681570796_BASEL_II_DISCLOSURES_AS_ON_30_09_2011.pdf,https://www.sbi.co.in/documents/17826/34475/1325681570796_BASEL_II_DISCLOSURES_AS_ON_30_09_2011.pdf
State Bank of India,https://www.sbi.co.in/portal/web/corporate-governance/annual-report,/documents/17826/17948/Notes_Dec17.pdf,https://www.sbi.co.in/documents/17826/17948/Notes_Dec17.pdf
State Bank of India,https://www.sbi.co.in/portal/web/corporate-governance/annual-report,/documents/17826/33945/Audited_LCR_Disclosure_Mar_Qtr_2017.pdf,https://www.sbi.co.in/documents/17826/33945/Audited_LCR_Disclosure_Mar_Qtr_2017.pdf
State Bank of India,https://www.sbi.co.in/portal/web/corporate-governance/annual-report,/documents/17826/35696/30-33.pdf,https://www.sbi.co.in/documents/17826/35696/30-33.pdf
State Bank of India,https://www.sbi.co.in/portal/web/corporate-governance/annual-report,/documents/17826/17948/1329134747939_QUARTERLY_RESULTS_DEC11_NOTES.pdf,https://www.sbi.co.in/documents/17826/17948/1329134747939_QUARTERLY_RESULTS_DEC11_NOTES.pdf
State Bank of India,https://www.sbi.co.in/portal/web/corporate-governance/annual-report,/documents/17826/35696/1307544010161_13_1.pdf,https://www.sbi.co.in/documents/17826/35696/1307544010161_13_1.pdf
State Bank of India,https://www.sbi.co.in/portal/web/corporate-governance/annual-report,/documents/17826/17948/1400837521366_RESULT_NOTES_FY14.pdf,https://www.sbi.co.in/documents/17826/17948/1400837521366_RESULT_NOTES_FY14.pdf
State Bank of India,https://www.sbi.co.in/portal/web/corporate-governance/annual-report,/documents/17826/35696/239-240.pdf,https://www.sbi.co.in/documents/17826/35696/239-240.pdf
State Bank of India,https://www.sbi.co.in/portal/web/corporate-governance/annual-report,/documents/17826/17948/1309846756467_09_JUN_RESULTS_NOTES.pdf,https://www.sbi.co.in/documents/17826/17948/1309846756467_09_JUN_RESULTS_NOTES.pdf
State Bank of India,https://www.sbi.co.in/portal/web/corporate-governance/annual-report,/documents/136/1364568/MOBILE_NO_UPDATE.pdf,https://www.sbi.co.in/documents/136/1364568/MOBILE_NO_UPDATE.pdf
State Bank of India,https://www.sbi.co.in/portal/web/corporate-governance/annual-report,/documents/17826/30078/Disclsoure30112016.pdf,https://www.sbi.co.in/documents/17826/30078/Disclsoure30112016.pdf
State Bank of India,https://www.sbi.co.in/portal/web/corporate-governance/annual-report,/documents/17826/35696/Financial_Performance_20080610.pdf,https://www.sbi.co.in/documents/17826/35696/Financial_Performance_20080610.pdf
State Bank of India,https://www.sbi.co.in/portal/web/corporate-governance/annual-report,/documents/17826/35696/45-49.pdf,https://www.sbi.co.in/documents/17826/35696/45-49.pdf
State Bank of India,https://www.sbi.co.in/portal/web/corporate-governance/annual-report,/documents/17826/35696/SBI_Main_Pillar_20080610.pdf,https://www.sbi.co.in/documents/17826/35696/SBI_Main_Pillar_20080610.pdf
State Bank of India,https://www.sbi.co.in/portal/web/corporate-governance/annual-report,/documents/17826/35696/1339769825519_RATINGS_AR12.pdf,https://www.sbi.co.in/documents/17826/35696/1339769825519_RATINGS_AR12.pdf
State Bank of India,https://www.sbi.co.in/portal/web/corporate-governance/annual-report,/documents/17826/35696/94-107.pdf,https://www.sbi.co.in/documents/17826/35696/94-107.pdf
State Bank of India,https://www.sbi.co.in/portal/web/corporate-governance/annual-report,/documents/21077/35799534/030523-SBI+-+Global+Connect_NRI+news+letter+April+2023.pdf,https://www.sbi.co.in/documents/21077/35799534/030523-SBI+-+Global+Connect_NRI+news+letter+April+2023.pdf
State Bank of India,https://www.sbi.co.in/portal/web/corporate-governance/annual-report,/documents/17826/30078/10112016-OutComeOfBoardMeeting.pdf,https://www.sbi.co.in/documents/17826/30078/10112016-OutComeOfBoardMeeting.pdf
State Bank of India,https://www.sbi.co.in/portal/web/corporate-governance/annual-report,/documents/17826/33694/SB+Group+LCR+Disclosure+31st++march-+2017.pdf,https://www.sbi.co.in/documents/17826/33694/SB+Group+LCR+Disclosure+31st++march-+2017.pdf
State Bank of India,https://www.sbi.co.in/portal/web/corporate-governance/annual-report,/documents/17826/30078/Disclosure09122016.pdf,https://www.sbi.co.in/documents/17826/30078/Disclosure09122016.pdf
State Bank of India,https://www.sbi.co.in/portal/web/corporate-governance/annual-report,/documents/17826/30998/isin9130+letter+no+350+dt+16.05.16+to+bse.pdf,https://www.sbi.co.in/documents/17826/30998/isin9130+letter+no+350+dt+16.05.16+to+bse.pdf
State Bank of India,https://www.sbi.co.in/portal/web/corporate-governance/annual-report,/documents/17826/17948/Final+Results+2015.pdf,https://www.sbi.co.in/documents/17826/17948/Final+Results+2015.pdf
State Bank of India,https://www.sbi.co.in/portal/web/corporate-governance/annual-report,/documents/17826/30849/Disclosure26092016.pdf,https://www.sbi.co.in/documents/17826/30849/Disclosure26092016.pdf
State Bank of India,https://www.sbi.co.in/portal/web/corporate-governance/annual-report,/documents/17826/30078/22032017.pdf,https://www.sbi.co.in/documents/17826/30078/22032017.pdf
State Bank of India,https://www.sbi.co.in/portal/web/corporate-governance/annual-report,/documents/16012/12924450/08102021_NCW+helpline.pdf,https://www.sbi.co.in/documents/16012/12924450/08102021_NCW+helpline.pdf
State Bank of India,https://www.sbi.co.in/portal/web/corporate-governance/annual-report,/documents/17826/17948/1329134747939_QUARTERLY_RESULTS_DEC11.pdf,https://www.sbi.co.in/documents/17826/17948/1329134747939_QUARTERLY_RESULTS_DEC11.pdf
State Bank of India,https://www.sbi.co.in/portal/web/corporate-governance/annual-report,/documents/17826/33945/SBI_LCR+Disclosure_Audited_June+2017.pdf,https://www.sbi.co.in/documents/17826/33945/SBI_LCR+Disclosure_Audited_June+2017.pdf
State Bank of India,https://www.sbi.co.in/portal/web/corporate-governance/annual-report,/documents/17826/17948/1320824088239_2011_SEP_PRESSADD_WITH_CFS_NEW.pdf,https://www.sbi.co.in/documents/17826/17948/1320824088239_2011_SEP_PRESSADD_WITH_CFS_NEW.pdf
State Bank of India,https://www.sbi.co.in/portal/web/corporate-governance/annual-report,/documents/17826/35696/1373614553213_SBI_UNABRIDGED_ANNUAL_REPORT_2012_13_ENGLISH.pdf,https://www.sbi.co.in/documents/17826/35696/1373614553213_SBI_UNABRIDGED_ANNUAL_REPORT_2012_13_ENGLISH.pdf
State Bank of India,https://www.sbi.co.in/portal/web/corporate-governance/annual-report,/documents/17826/35696/Wholesale_Banking-Group_20080610.pdf,https://www.sbi.co.in/documents/17826/35696/Wholesale_Banking-Group_20080610.pdf
State Bank of India,https://www.sbi.co.in/portal/web/corporate-governance/annual-report,/documents/21077/35799534/040523-July+2023.pdf,https://www.sbi.co.in/documents/21077/35799534/040523-July+2023.pdf
State Bank of India,https://www.sbi.co.in/portal/web/corporate-governance/annual-report,/documents/17826/34475/1382012584567_BASEL_II_DISCLOSURES_30_06_13.pdf,https://www.sbi.co.in/documents/17826/34475/1382012584567_BASEL_II_DISCLOSURES_30_06_13.pdf
State Bank of India,https://www.sbi.co.in/portal/web/corporate-governance/annual-report,/documents/17826/35696/Human-Resources_20080610.pdf,https://www.sbi.co.in/documents/17826/35696/Human-Resources_20080610.pdf
State Bank of India,https://www.sbi.co.in/portal/web/corporate-governance/annual-report,/documents/17826/30078/Dislcosure19.pdf,https://www.sbi.co.in/documents/17826/30078/Dislcosure19.pdf
State Bank of India,https://www.sbi.co.in/portal/web/corporate-governance/annual-report,/documents/17826/33945/LCR+Disclosure_December+2017.pdf,https://www.sbi.co.in/documents/17826/33945/LCR+Disclosure_December+2017.pdf
State Bank of India,https://www.sbi.co.in/portal/web/corporate-governance/annual-report,/documents/17826/35696/1307544010161_1.pdf,https://www.sbi.co.in/documents/17826/35696/1307544010161_1.pdf
State Bank of India,https://www.sbi.co.in/portal/web/corporate-governance/annual-report,/documents/17826/33694/020819-SB+Group+LCR+Disclosure+30th+JUNE+2019+for+publication.pdf,https://www.sbi.co.in/documents/17826/33694/020819-SB+Group+LCR+Disclosure+30th+JUNE+2019+for+publication.pdf
State Bank of India,https://www.sbi.co.in/portal/web/corporate-governance/annual-report,/documents/17826/17948/Results_Sep18.pdf,https://www.sbi.co.in/documents/17826/17948/Results_Sep18.pdf
State Bank of India,https://www.sbi.co.in/portal/web/corporate-governance/annual-report,/documents/17826/30078/Disclosure19102016.pdf,https://www.sbi.co.in/documents/17826/30078/Disclosure19102016.pdf
State Bank of India,https://www.sbi.co.in/portal/web/corporate-governance/annual-report,/documents/17826/30078/Disclosure03102016.pdf,https://www.sbi.co.in/documents/17826/30078/Disclosure03102016.pdf
State Bank of India,https://www.sbi.co.in/portal/web/corporate-governance/annual-report,/documents/17826/30078/Disclosure2623.pdf,https://www.sbi.co.in/documents/17826/30078/Disclosure2623.pdf
State Bank of India,https://www.sbi.co.in/portal/web/corporate-governance/annual-report,/documents/17826/35696/Customer_Service_20080610.pdf,https://www.sbi.co.in/documents/17826/35696/Customer_Service_20080610.pdf
State Bank of India,https://www.sbi.co.in/portal/web/corporate-governance/annual-report,/documents/17826/34723/FINAL+P3D+JUN2016+12AUG2016+1630HRS_LATEST.pdf,https://www.sbi.co.in/documents/17826/34723/FINAL+P3D+JUN2016+12AUG2016+1630HRS_LATEST.pdf
State Bank of India,https://www.sbi.co.in/portal/web/corporate-governance/annual-report,/documents/17826/30078/Divestmentofstake.pdf,https://www.sbi.co.in/documents/17826/30078/Divestmentofstake.pdf
State Bank of India,https://www.sbi.co.in/portal/web/corporate-governance/annual-report,/documents/17826/17948/100519-Results_Mar19.pdf,https://www.sbi.co.in/documents/17826/17948/100519-Results_Mar19.pdf
State Bank of India,https://www.sbi.co.in/portal/web/corporate-governance/annual-report,/documents/17826/33945/020819-SBI_LCR_Disclosure_June_Qtr_2019.pdf,https://www.sbi.co.in/documents/17826/33945/020819-SBI_LCR_Disclosure_June_Qtr_2019.pdf
State Bank of India,https://www.sbi.co.in/portal/web/corporate-governance/annual-report,/documents/17826/35696/1373614553213_SBI_UNABRIDGED_ANNUAL_REPORT_2012_13_HINDI.pdf,https://www.sbi.co.in/documents/17826/35696/1373614553213_SBI_UNABRIDGED_ANNUAL_REPORT_2012_13_HINDI.pdf
State Bank of India,https://www.sbi.co.in/portal/web/corporate-governance/annual-report,/documents/17826/30078/IntimationNSE_24122016.pdf,https://www.sbi.co.in/documents/17826/30078/IntimationNSE_24122016.pdf
State Bank of India,https://www.sbi.co.in/portal/web/corporate-governance/annual-report,https://www.sbi.co.in/documents/17826/21606/chapter+6+premises+manual+2014.pdf,https://www.sbi.co.in/documents/17826/21606/chapter+6+premises+manual+2014.pdf
State Bank of India,https://www.sbi.co.in/portal/web/corporate-governance/annual-report,/documents/17826/30078/18012017.pdf,https://www.sbi.co.in/documents/17826/30078/18012017.pdf
State Bank of India,https://www.sbi.co.in/portal/web/corporate-governance/annual-report,/documents/17826/17948/Results_Jun18.pdf,https://www.sbi.co.in/documents/17826/17948/Results_Jun18.pdf
State Bank of India,https://www.sbi.co.in/portal/web/corporate-governance/annual-report,/documents/17826/35696/1339769825519_PROXY_FROM_AR12.pdf,https://www.sbi.co.in/documents/17826/35696/1339769825519_PROXY_FROM_AR12.pdf
State Bank of India,https://www.sbi.co.in/portal/web/corporate-governance/annual-report,/documents/17826/35696/1339769825519_Coverpage1_AR12.pdf,https://www.sbi.co.in/documents/17826/35696/1339769825519_Coverpage1_AR12.pdf
State Bank of India,https://www.sbi.co.in/portal/web/corporate-governance/annual-report,/documents/17826/35696/Organisational_Planning_Changes_20080610.pdf,https://www.sbi.co.in/documents/17826/35696/Organisational_Planning_Changes_20080610.pdf
State Bank of India,https://www.sbi.co.in/portal/web/corporate-governance/annual-report,/documents/17826/30078/NoticeGM.pdf,https://www.sbi.co.in/documents/17826/30078/NoticeGM.pdf
State Bank of India,https://www.sbi.co.in/portal/web/corporate-governance/annual-report,/documents/17826/33694/SB+Group+LCR+Disclosure+31.03.2018.pdf,https://www.sbi.co.in/documents/17826/33694/SB+Group+LCR+Disclosure+31.03.2018.pdf
State Bank of India,https://www.sbi.co.in/portal/web/corporate-governance/annual-report,/documents/17826/34675/SBI+GROUP+LEVERAGE+DISCLOSURE+17+%26+18.pdf,https://www.sbi.co.in/documents/17826/34675/SBI+GROUP+LEVERAGE+DISCLOSURE+17+%26+18.pdf
State Bank of India,https://www.sbi.co.in/portal/web/corporate-governance/annual-report,/documents/17826/35696/1307544010161_13_2.pdf,https://www.sbi.co.in/documents/17826/35696/1307544010161_13_2.pdf
State Bank of India,https://www.sbi.co.in/portal/web/corporate-governance/annual-report,/documents/17826/17948/1281705042979_JUNE_PRESSADD_WITH_CFS_FILES.pdf,https://www.sbi.co.in/documents/17826/17948/1281705042979_JUNE_PRESSADD_WITH_CFS_FILES.pdf
State Bank of India,https://www.sbi.co.in/portal/web/corporate-governance/annual-report,/documents/17826/17948/pressrelease30SEP2009.pdf,https://www.sbi.co.in/documents/17826/17948/pressrelease30SEP2009.pdf
State Bank of India,https://www.sbi.co.in/portal/web/corporate-governance/annual-report,/documents/16012/78812/190823-Debit+Card+Control.pdf,https://www.sbi.co.in/documents/16012/78812/190823-Debit+Card+Control.pdf
State Bank of India,https://www.sbi.co.in/portal/web/corporate-governance/annual-report,/documents/17826/30849/1008.pdf,https://www.sbi.co.in/documents/17826/30849/1008.pdf
State Bank of India,https://www.sbi.co.in/portal/web/corporate-governance/annual-report,/documents/17826/30078/SEAnn.pdf,https://www.sbi.co.in/documents/17826/30078/SEAnn.pdf
State Bank of India,https://www.sbi.co.in/portal/web/corporate-governance/annual-report,/documents/17826/20624/1363340757174_SBI_CORPORATE_GOVERNANCE_COC.pdf,https://www.sbi.co.in/documents/17826/20624/1363340757174_SBI_CORPORATE_GOVERNANCE_COC.pdf
State Bank of India,https://www.sbi.co.in/portal/web/corporate-governance/annual-report,/documents/17826/35696/1307544010161_14.pdf,https://www.sbi.co.in/documents/17826/35696/1307544010161_14.pdf
State Bank of India,https://www.sbi.co.in/portal/web/corporate-governance/annual-report,/documents/16012/1400784/FOREX_CARD_RATES.pdf,https://www.sbi.co.in/documents/16012/1400784/FOREX_CARD_RATES.pdf
State Bank of India,https://www.sbi.co.in/portal/web/corporate-governance/annual-report,/documents/17826/30078/Disclosure24102016.pdf,https://www.sbi.co.in/documents/17826/30078/Disclosure24102016.pdf
State Bank of India,https://www.sbi.co.in/portal/web/corporate-governance/annual-report,/documents/17826/34475/1332157045969_BASEL_II_PILLAR_III_DISCLOSURES_AS_ON_31_12_2011.pdf,https://www.sbi.co.in/documents/17826/34475/1332157045969_BASEL_II_PILLAR_III_DISCLOSURES_AS_ON_31_12_2011.pdf
State Bank of India,https://www.sbi.co.in/portal/web/corporate-governance/annual-report,/documents/17826/21292/FEDAI_CodeAddendumToFxGC+-+Aug+2017.pdf,https://www.sbi.co.in/documents/17826/21292/FEDAI_CodeAddendumToFxGC+-+Aug+2017.pdf
State Bank of India,https://www.sbi.co.in/portal/web/corporate-governance/annual-report,/documents/17826/35696/74-75.pdf,https://www.sbi.co.in/documents/17826/35696/74-75.pdf
State Bank of India,https://www.sbi.co.in/portal/web/corporate-governance/annual-report,/documents/17826/30078/Disclosure2620.pdf,https://www.sbi.co.in/documents/17826/30078/Disclosure2620.pdf
State Bank of India,https://www.sbi.co.in/portal/web/corporate-governance/annual-report,/documents/17826/30078/Disclosure17042017.pdf,https://www.sbi.co.in/documents/17826/30078/Disclosure17042017.pdf
State Bank of India,https://www.sbi.co.in/portal/web/corporate-governance/annual-report,/documents/17826/17948/1344661938104_UNAUDITED_JUN12_NOTES.pdf,https://www.sbi.co.in/documents/17826/17948/1344661938104_UNAUDITED_JUN12_NOTES.pdf
State Bank of India,https://www.sbi.co.in/portal/web/corporate-governance/annual-report,/documents/17826/30849/Disclosure19092016.pdf,https://www.sbi.co.in/documents/17826/30849/Disclosure19092016.pdf
State Bank of India,https://www.sbi.co.in/portal/web/corporate-governance/annual-report,/documents/21077/54394/160124-Fema+Booklet+Part+A+%26+B+03.01.24.pdf,https://www.sbi.co.in/documents/21077/54394/160124-Fema+Booklet+Part+A+%26+B+03.01.24.pdf
State Bank of India,https://www.sbi.co.in/portal/web/corporate-governance/annual-report,/documents/17826/35696/1275994607852_3_HIGHLIGHTS.pdf,https://www.sbi.co.in/documents/17826/35696/1275994607852_3_HIGHLIGHTS.pdf
State Bank of India,https://www.sbi.co.in/portal/web/corporate-governance/annual-report,/documents/17826/35696/1275994607852_6_FINANCIALPERFORMANCE.pdf,https://www.sbi.co.in/documents/17826/35696/1275994607852_6_FINANCIALPERFORMANCE.pdf
State Bank of India,https://www.sbi.co.in/portal/web/corporate-governance/annual-report,/documents/17826/17948/020819-June_2019.pdf,https://www.sbi.co.in/documents/17826/17948/020819-June_2019.pdf
State Bank of India,https://www.sbi.co.in/portal/web/corporate-governance/annual-report,/documents/17826/17948/PressAdd_230509.pdf,https://www.sbi.co.in/documents/17826/17948/PressAdd_230509.pdf
State Bank of India,https://www.sbi.co.in/portal/web/corporate-governance/annual-report,/documents/17826/17948/1389091939477_UNAUDITED_FINANCIAL_RESULTS_30TH_SEP13.pdf,https://www.sbi.co.in/documents/17826/17948/1389091939477_UNAUDITED_FINANCIAL_RESULTS_30TH_SEP13.pdf
State Bank of India,https://www.sbi.co.in/portal/web/corporate-governance/annual-report,/documents/17826/33945/SBI_LCR_Disclosure_April_June_Qtr_2018.pdf,https://www.sbi.co.in/documents/17826/33945/SBI_LCR_Disclosure_April_June_Qtr_2018.pdf
State Bank of India,https://www.sbi.co.in/portal/web/corporate-governance/annual-report,/documents/17826/21606/1261483663895_the_gazetter_chapter.pdf,https://www.sbi.co.in/documents/17826/21606/1261483663895_the_gazetter_chapter.pdf
State Bank of India,https://www.sbi.co.in/portal/web/corporate-governance/annual-report,/documents/17826/17948/1389091939477_RESULTS_NOTES_SEP13.pdf,https://www.sbi.co.in/documents/17826/17948/1389091939477_RESULTS_NOTES_SEP13.pdf
State Bank of India,https://www.sbi.co.in/portal/web/corporate-governance/annual-report,/documents/17826/35696/SBI_SR_V11June.pdf,https://www.sbi.co.in/documents/17826/35696/SBI_SR_V11June.pdf
State Bank of India,https://www.sbi.co.in/portal/web/corporate-governance/annual-report,/documents/17826/34762/FINAL+P3D-DFs+MAR2018+DTD+22MAY2018.pdf,https://www.sbi.co.in/documents/17826/34762/FINAL+P3D-DFs+MAR2018+DTD+22MAY2018.pdf
State Bank of India,https://www.sbi.co.in/portal/web/corporate-governance/annual-report,/documents/17826/35696/72-75.pdf,https://www.sbi.co.in/documents/17826/35696/72-75.pdf
State Bank of India,https://www.sbi.co.in/portal/web/corporate-governance/annual-report,/documents/17826/17948/1232788210234-Unaudited_Dec2008.pdf,https://www.sbi.co.in/documents/17826/17948/1232788210234-Unaudited_Dec2008.pdf
State Bank of India,https://www.sbi.co.in/portal/web/corporate-governance/annual-report,/documents/17826/17948/1360838040528_UNAUDITED_Q3RESULT_DEC12.pdf,https://www.sbi.co.in/documents/17826/17948/1360838040528_UNAUDITED_Q3RESULT_DEC12.pdf
State Bank of India,https://www.sbi.co.in/portal/web/corporate-governance/annual-report,/documents/17826/17948/1352460808156_SBI_FINANCIAL_RESULTS_SEP_12.pdf,https://www.sbi.co.in/documents/17826/17948/1352460808156_SBI_FINANCIAL_RESULTS_SEP_12.pdf
State Bank of India,https://www.sbi.co.in/portal/web/corporate-governance/annual-report,/documents/17826/35696/1339769825519_SBI_FINANCIALS_AR12.pdf,https://www.sbi.co.in/documents/17826/35696/1339769825519_SBI_FINANCIALS_AR12.pdf
State Bank of India,https://www.sbi.co.in/portal/web/corporate-governance/annual-report,/documents/17826/33694/FINAL+P3D-DFs+Sept2018+DTD+11NOV2018.pdf,https://www.sbi.co.in/documents/17826/33694/FINAL+P3D-DFs+Sept2018+DTD+11NOV2018.pdf
State Bank of India,https://www.sbi.co.in/portal/web/corporate-governance/annual-report,/documents/17826/35696/72-73.pdf,https://www.sbi.co.in/documents/17826/35696/72-73.pdf
State Bank of India,https://www.sbi.co.in/portal/web/corporate-governance/annual-report,/documents/136/1364568/PAN_LINKING.pdf,https://www.sbi.co.in/documents/136/1364568/PAN_LINKING.pdf
State Bank of India,https://www.sbi.co.in/portal/web/corporate-governance/annual-report,/documents/17826/30078/23122016.pdf,https://www.sbi.co.in/documents/17826/30078/23122016.pdf
State Bank of India,https://www.sbi.co.in/portal/web/corporate-governance/annual-report,/documents/17826/35696/Consolidated_Account_20080610.pdf,https://www.sbi.co.in/documents/17826/35696/Consolidated_Account_20080610.pdf
State Bank of India,https://www.sbi.co.in/portal/web/corporate-governance/annual-report,/documents/17826/17948/1289220111194_FINAL_SEPTEMBER_2010_RESULTS_NOTES.pdf,https://www.sbi.co.in/documents/17826/17948/1289220111194_FINAL_SEPTEMBER_2010_RESULTS_NOTES.pdf
State Bank of India,https://www.sbi.co.in/portal/web/corporate-governance/annual-report,/documents/17826/35696/Responsibility_Statement_20080610.pdf,https://www.sbi.co.in/documents/17826/35696/Responsibility_Statement_20080610.pdf
State Bank of India,https://www.sbi.co.in/portal/web/corporate-governance/annual-report,/documents/17826/35696/1307544010161_4.pdf,https://www.sbi.co.in/documents/17826/35696/1307544010161_4.pdf
State Bank of India,https://www.sbi.co.in/portal/web/corporate-governance/annual-report,/documents/17826/35696/010819-SBI_SR_1Aug2019.pdf,https://www.sbi.co.in/documents/17826/35696/010819-SBI_SR_1Aug2019.pdf
State Bank of India,https://www.sbi.co.in/portal/web/corporate-governance/annual-report,/documents/17826/35696/9-10.pdf,https://www.sbi.co.in/documents/17826/35696/9-10.pdf
State Bank of India,https://www.sbi.co.in/portal/web/corporate-governance/annual-report,/documents/17826/35696/1307544010161_6.pdf,https://www.sbi.co.in/documents/17826/35696/1307544010161_6.pdf
State Bank of India,https://www.sbi.co.in/portal/web/corporate-governance/annual-report,/documents/17826/30998/isin9064+letter+no+352+dt+16.05.16+to+bse.pdf,https://www.sbi.co.in/documents/17826/30998/isin9064+letter+no+352+dt+16.05.16+to+bse.pdf
State Bank of India,https://www.sbi.co.in/portal/web/corporate-governance/annual-report,/documents/17826/30849/letter+no+1007+dt+27.06.2016+to+bse.pdf,https://www.sbi.co.in/documents/17826/30849/letter+no+1007+dt+27.06.2016+to+bse.pdf
State Bank of India,https://www.sbi.co.in/portal/web/corporate-governance/annual-report,/documents/17826/35696/34-39.pdf,https://www.sbi.co.in/documents/17826/35696/34-39.pdf
State Bank of India,https://www.sbi.co.in/portal/web/corporate-governance/annual-report,/documents/17826/30998/advise+to+stock+exchange9064.pdf,https://www.sbi.co.in/documents/17826/30998/advise+to+stock+exchange9064.pdf
State Bank of India,https://www.sbi.co.in/portal/web/corporate-governance/annual-report,/documents/17826/35696/Performance_Indicators_20080610.pdf,https://www.sbi.co.in/documents/17826/35696/Performance_Indicators_20080610.pdf
State Bank of India,https://www.sbi.co.in/portal/web/corporate-governance/annual-report,/documents/17826/35696/76-93.pdf,https://www.sbi.co.in/documents/17826/35696/76-93.pdf
State Bank of India,https://www.sbi.co.in/portal/web/corporate-governance/annual-report,/documents/17826/30078/opt+Announcement.pdf,https://www.sbi.co.in/documents/17826/30078/opt+Announcement.pdf
State Bank of India,https://www.sbi.co.in/portal/web/corporate-governance/annual-report,/documents/17826/30078/Disclosure06122016.pdf,https://www.sbi.co.in/documents/17826/30078/Disclosure06122016.pdf
State Bank of India,https://www.sbi.co.in/portal/web/corporate-governance/annual-report,/documents/17826/30078/03042017.pdf,https://www.sbi.co.in/documents/17826/30078/03042017.pdf
State Bank of India,https://www.sbi.co.in/portal/web/corporate-governance/annual-report,/documents/17826/17948/1295690964373_RESULT_NOTES_31DEC2010.pdf,https://www.sbi.co.in/documents/17826/17948/1295690964373_RESULT_NOTES_31DEC2010.pdf
State Bank of India,https://www.sbi.co.in/portal/web/corporate-governance/annual-report,/documents/17826/35696/1339769825519_DIRECTORS_REPORT4_AR12.pdf,https://www.sbi.co.in/documents/17826/35696/1339769825519_DIRECTORS_REPORT4_AR12.pdf
State Bank of India,https://www.sbi.co.in/portal/web/corporate-governance/annual-report,/documents/17826/21292/FX+Global+Code+-+Dec+2017.pdf,https://www.sbi.co.in/documents/17826/21292/FX+Global+Code+-+Dec+2017.pdf
State Bank of India,https://www.sbi.co.in/portal/web/corporate-governance/annual-report,/documents/17826/35696/Mid-Corporate_Group_20080610.pdf,https://www.sbi.co.in/documents/17826/35696/Mid-Corporate_Group_20080610.pdf
State Bank of India,https://www.sbi.co.in/portal/web/corporate-governance/annual-report,/documents/17826/35696/1339769825519_DIRECTORS_REPORT3_AR12.pdf,https://www.sbi.co.in/documents/17826/35696/1339769825519_DIRECTORS_REPORT3_AR12.pdf
State Bank of India,https://www.sbi.co.in/portal/web/corporate-governance/annual-report,/documents/17826/17948/NOTES+9MFY17.pdf,https://www.sbi.co.in/documents/17826/17948/NOTES+9MFY17.pdf
State Bank of India,https://www.sbi.co.in/portal/web/corporate-governance/annual-report,/documents/17826/17948/ANNUAL+RESULTS+MAR17.pdf,https://www.sbi.co.in/documents/17826/17948/ANNUAL+RESULTS+MAR17.pdf
State Bank of India,https://www.sbi.co.in/portal/web/corporate-governance/annual-report,/documents/17826/30078/09112016bse.pdf,https://www.sbi.co.in/documents/17826/30078/09112016bse.pdf
State Bank of India,https://www.sbi.co.in/portal/web/corporate-governance/annual-report,/documents/17826/33945/SBI_LCR_Disclosure_31st+March_2019.pdf,https://www.sbi.co.in/documents/17826/33945/SBI_LCR_Disclosure_31st+March_2019.pdf
State Bank of India,https://www.sbi.co.in/portal/web/corporate-governance/annual-report,/documents/17826/33694/SB+Group+LCR+Disclosure+31.12.2017.pdf,https://www.sbi.co.in/documents/17826/33694/SB+Group+LCR+Disclosure+31.12.2017.pdf
State Bank of India,https://www.sbi.co.in/portal/web/corporate-governance/annual-report,/documents/17826/17948/1289220080717_FINAL_2010_SEP_PRESADD_WITH_CFS.pdf,https://www.sbi.co.in/documents/17826/17948/1289220080717_FINAL_2010_SEP_PRESADD_WITH_CFS.pdf
State Bank of India,https://www.sbi.co.in/portal/web/corporate-governance/annual-report,/documents/17826/30078/Disclosure15112016.pdf,https://www.sbi.co.in/documents/17826/30078/Disclosure15112016.pdf
State Bank of India,https://www.sbi.co.in/portal/web/corporate-governance/annual-report,/documents/17826/35696/2-7.pdf,https://www.sbi.co.in/documents/17826/35696/2-7.pdf
State Bank of India,https://www.sbi.co.in/portal/web/corporate-governance/annual-report,/documents/17826/35696/Management_Discussion_and_Analysis_20080610.pdf,https://www.sbi.co.in/documents/17826/35696/Management_Discussion_and_Analysis_20080610.pdf
State Bank of India,https://www.sbi.co.in/portal/web/corporate-governance/annual-report,/documents/17826/35696/Asset_Quality_20080610.pdf,https://www.sbi.co.in/documents/17826/35696/Asset_Quality_20080610.pdf
State Bank of India,https://www.sbi.co.in/portal/web/corporate-governance/annual-report,/documents/17826/17948/1392368740125_SBI_UNAUDITED_FINANCIAL_RESULTS_31_DEC13.pdf,https://www.sbi.co.in/documents/17826/17948/1392368740125_SBI_UNAUDITED_FINANCIAL_RESULTS_31_DEC13.pdf
State Bank of India,https://www.sbi.co.in/portal/web/corporate-governance/annual-report,/documents/17826/17948/resultdjun14-0.pdf,https://www.sbi.co.in/documents/17826/17948/resultdjun14-0.pdf
State Bank of India,https://www.sbi.co.in/portal/web/corporate-governance/annual-report,/documents/17826/35696/56-57.pdf,https://www.sbi.co.in/documents/17826/35696/56-57.pdf
State Bank of India,https://www.sbi.co.in/portal/web/corporate-governance/annual-report,/documents/17826/34475/1317625347907_BASE_II_DISCLOSURES_30_06_2011.pdf,https://www.sbi.co.in/documents/17826/34475/1317625347907_BASE_II_DISCLOSURES_30_06_2011.pdf
State Bank of India,https://www.sbi.co.in/portal/web/corporate-governance/annual-report,/documents/17826/33694/SB+Group+LCR+Disclosure++31st+December+-2016.pdf,https://www.sbi.co.in/documents/17826/33694/SB+Group+LCR+Disclosure++31st+December+-2016.pdf
State Bank of India,https://www.sbi.co.in/portal/web/corporate-governance/annual-report,/documents/17826/30078/02012017_Listing_disclosure.pdf,https://www.sbi.co.in/documents/17826/30078/02012017_Listing_disclosure.pdf
State Bank of India,https://www.sbi.co.in/portal/web/corporate-governance/annual-report,/documents/17826/30078/ANN23022017.pdf,https://www.sbi.co.in/documents/17826/30078/ANN23022017.pdf
State Bank of India,https://www.sbi.co.in/portal/web/corporate-governance/annual-report,/documents/17826/30849/Disclosure23092016_1.pdf,https://www.sbi.co.in/documents/17826/30849/Disclosure23092016_1.pdf
State Bank of India,https://www.sbi.co.in/portal/web/corporate-governance/annual-report,/documents/17826/30998/isin9064+letter+no+352+dt+16.05.16+to+nse.pdf,https://www.sbi.co.in/documents/17826/30998/isin9064+letter+no+352+dt+16.05.16+to+nse.pdf
State Bank of India,https://www.sbi.co.in/portal/web/corporate-governance/annual-report,/documents/17826/35696/Right_to_Information_Act_2005.pdf,https://www.sbi.co.in/documents/17826/35696/Right_to_Information_Act_2005.pdf
State Bank of India,https://www.sbi.co.in/portal/web/corporate-governance/annual-report,/documents/17826/35696/68-69.pdf,https://www.sbi.co.in/documents/17826/35696/68-69.pdf
State Bank of India,https://www.sbi.co.in/portal/web/corporate-governance/annual-report,/documents/17826/30078/Disclosure03052017.pdf,https://www.sbi.co.in/documents/17826/30078/Disclosure03052017.pdf
State Bank of India,https://www.sbi.co.in/portal/web/corporate-governance/annual-report,/documents/17826/35696/Basel_+II_20080610.pdf,https://www.sbi.co.in/documents/17826/35696/Basel_+II_20080610.pdf
State Bank of India,https://www.sbi.co.in/portal/web/corporate-governance/annual-report,/documents/17826/30078/Disclosure25102016.pdf,https://www.sbi.co.in/documents/17826/30078/Disclosure25102016.pdf
State Bank of India,https://www.sbi.co.in/portal/web/corporate-governance/annual-report,/documents/17826/20624/Disclosure+Document+for+PMS_Mar_2015.pdf,https://www.sbi.co.in/documents/17826/20624/Disclosure+Document+for+PMS_Mar_2015.pdf
State Bank of India,https://www.sbi.co.in/portal/web/corporate-governance/annual-report,/documents/17826/35696/66-68.pdf,https://www.sbi.co.in/documents/17826/35696/66-68.pdf
State Bank of India,https://www.sbi.co.in/portal/web/corporate-governance/annual-report,/documents/26274/68559/New+Pension+System+FAQs.pdf,https://www.sbi.co.in/documents/26274/68559/New+Pension+System+FAQs.pdf
State Bank of India,https://www.sbi.co.in/portal/web/corporate-governance/annual-report,/documents/17826/30078/Outcomeofmeeting.pdf,https://www.sbi.co.in/documents/17826/30078/Outcomeofmeeting.pdf
State Bank of India,https://www.sbi.co.in/portal/web/corporate-governance/annual-report,/documents/17826/34723/FINAL+P3D+SEPT2016+11NOV2016-1630HRS.pdf,https://www.sbi.co.in/documents/17826/34723/FINAL+P3D+SEPT2016+11NOV2016-1630HRS.pdf
State Bank of India,https://www.sbi.co.in/portal/web/corporate-governance/annual-report,/documents/17826/17948/Notes_Jun17.pdf,https://www.sbi.co.in/documents/17826/17948/Notes_Jun17.pdf
State Bank of India,https://www.sbi.co.in/portal/web/corporate-governance/annual-report,/documents/17826/35696/1307544010161_2.pdf,https://www.sbi.co.in/documents/17826/35696/1307544010161_2.pdf
State Bank of India,https://www.sbi.co.in/portal/web/corporate-governance/annual-report,/documents/17826/17948/notes062015-11082015111122.pdf,https://www.sbi.co.in/documents/17826/17948/notes062015-11082015111122.pdf
State Bank of India,https://www.sbi.co.in/portal/web/corporate-governance/annual-report,/documents/17826/33945/LCR+disclosure++September+2015.pdf,https://www.sbi.co.in/documents/17826/33945/LCR+disclosure++September+2015.pdf
State Bank of India,https://www.sbi.co.in/portal/web/corporate-governance/annual-report,/documents/17826/35696/1339769825519_COVERPAGE4_AR12.pdf,https://www.sbi.co.in/documents/17826/35696/1339769825519_COVERPAGE4_AR12.pdf
State Bank of India,https://www.sbi.co.in/portal/web/corporate-governance/annual-report,/documents/17826/30998/BSE_2may.pdf,https://www.sbi.co.in/documents/17826/30998/BSE_2may.pdf
State Bank of India,https://www.sbi.co.in/portal/web/corporate-governance/annual-report,/documents/17826/30078/Outcomeofthemeeting.pdf,https://www.sbi.co.in/documents/17826/30078/Outcomeofthemeeting.pdf
State Bank of India,https://www.sbi.co.in/portal/web/corporate-governance/annual-report,/documents/17826/30078/24042017.pdf,https://www.sbi.co.in/documents/17826/30078/24042017.pdf
State Bank of India,https://www.sbi.co.in/portal/web/corporate-governance/annual-report,/documents/17826/35696/1307544010161_15.pdf,https://www.sbi.co.in/documents/17826/35696/1307544010161_15.pdf
State Bank of India,https://www.sbi.co.in/portal/web/corporate-governance/annual-report,/documents/17826/30078/Intimationur29.pdf,https://www.sbi.co.in/documents/17826/30078/Intimationur29.pdf
State Bank of India,https://www.sbi.co.in/portal/web/corporate-governance/annual-report,/documents/17826/33694/SB+GROUP+LCR+DISCLOSURE+30-SEPTEMBER-2016.pdf,https://www.sbi.co.in/documents/17826/33694/SB+GROUP+LCR+DISCLOSURE+30-SEPTEMBER-2016.pdf
State Bank of India,https://www.sbi.co.in/portal/web/corporate-governance/annual-report,/documents/17826/35696/1275994607852_1_LIST_OF_DIRECTORS.pdf,https://www.sbi.co.in/documents/17826/35696/1275994607852_1_LIST_OF_DIRECTORS.pdf
State Bank of India,https://www.sbi.co.in/portal/web/corporate-governance/annual-report,/documents/16012/78812/300922-FAQ+COFT+VER.pdf,https://www.sbi.co.in/documents/16012/78812/300922-FAQ+COFT+VER.pdf
State Bank of India,https://www.sbi.co.in/portal/web/corporate-governance/annual-report,/documents/17826/34475/1375782660352_BASEL_II_DISCLOSURES_AS_ON_31MAR2013.pdf,https://www.sbi.co.in/documents/17826/34475/1375782660352_BASEL_II_DISCLOSURES_AS_ON_31MAR2013.pdf
State Bank of India,https://www.sbi.co.in/portal/web/corporate-governance/annual-report,/documents/17826/35696/SBI+Sustainability_Report_2015-16_updated_Revised.pdf,https://www.sbi.co.in/documents/17826/35696/SBI+Sustainability_Report_2015-16_updated_Revised.pdf
State Bank of India,https://www.sbi.co.in/portal/web/corporate-governance/annual-report,/documents/17826/35696/1275994607852_4_FROMCHAIRMANSDESK.pdf,https://www.sbi.co.in/documents/17826/35696/1275994607852_4_FROMCHAIRMANSDESK.pdf
State Bank of India,https://www.sbi.co.in/portal/web/corporate-governance/annual-report,/documents/17826/35696/1275994607852_9_CORPORATEGOVERNANCE.pdf,https://www.sbi.co.in/documents/17826/35696/1275994607852_9_CORPORATEGOVERNANCE.pdf
State Bank of India,https://www.sbi.co.in/portal/web/corporate-governance/annual-report,/documents/17826/30849/Disclosure26092016_1.pdf,https://www.sbi.co.in/documents/17826/30849/Disclosure26092016_1.pdf
State Bank of India,https://www.sbi.co.in/portal/web/corporate-governance/annual-report,/documents/17826/30849/Disclosure23092016.pdf,https://www.sbi.co.in/documents/17826/30849/Disclosure23092016.pdf
State Bank of India,https://www.sbi.co.in/portal/web/corporate-governance/annual-report,/documents/17826/30078/Disclosure19122016.pdf,https://www.sbi.co.in/documents/17826/30078/Disclosure19122016.pdf
State Bank of India,https://www.sbi.co.in/portal/web/corporate-governance/annual-report,/documents/17826/35696/1339769825519_FROM_CHARIMANS_DESK_AR12.pdf,https://www.sbi.co.in/documents/17826/35696/1339769825519_FROM_CHARIMANS_DESK_AR12.pdf
State Bank of India,https://www.sbi.co.in/portal/web/corporate-governance/annual-report,/documents/17826/35696/64-65.pdf,https://www.sbi.co.in/documents/17826/35696/64-65.pdf
State Bank of India,https://www.sbi.co.in/portal/web/corporate-governance/annual-report,/documents/17826/30078/15032017.pdf,https://www.sbi.co.in/documents/17826/30078/15032017.pdf
State Bank of India,https://www.sbi.co.in/portal/web/corporate-governance/annual-report,/documents/17826/30998/advise+to+stock+exchanges+9029.pdf,https://www.sbi.co.in/documents/17826/30998/advise+to+stock+exchanges+9029.pdf
State Bank of India,https://www.sbi.co.in/portal/web/corporate-governance/annual-report,/documents/17826/30078/Disclosure09052017.pdf,https://www.sbi.co.in/documents/17826/30078/Disclosure09052017.pdf
State Bank of India,https://www.sbi.co.in/portal/web/corporate-governance/annual-report,/documents/17826/35696/Annexures_20080610.pdf,https://www.sbi.co.in/documents/17826/35696/Annexures_20080610.pdf
State Bank of India,https://www.sbi.co.in/portal/web/corporate-governance/annual-report,/documents/17826/30849/Disclosure22092016_1.pdf,https://www.sbi.co.in/documents/17826/30849/Disclosure22092016_1.pdf
State Bank of India,https://www.sbi.co.in/portal/web/corporate-governance/annual-report,/documents/17826/17948/1295690964373_FINANCIAL_RESULT_31DEC2010.pdf,https://www.sbi.co.in/documents/17826/17948/1295690964373_FINANCIAL_RESULT_31DEC2010.pdf
State Bank of India,https://www.sbi.co.in/portal/web/corporate-governance/annual-report,/documents/17826/17948/1376301352211_RESULTS_NOTES_JUNE13.pdf,https://www.sbi.co.in/documents/17826/17948/1376301352211_RESULTS_NOTES_JUNE13.pdf
State Bank of India,https://www.sbi.co.in/portal/web/corporate-governance/annual-report,/documents/17826/17948/RESULTS+9MFY17.pdf,https://www.sbi.co.in/documents/17826/17948/RESULTS+9MFY17.pdf
State Bank of India,https://www.sbi.co.in/portal/web/corporate-governance/annual-report,/documents/17826/30998/isin9029+letter+no+351+dt+16.05.16+to+nse.pdf,https://www.sbi.co.in/documents/17826/30998/isin9029+letter+no+351+dt+16.05.16+to+nse.pdf
State Bank of India,https://www.sbi.co.in/portal/web/corporate-governance/annual-report,/documents/17826/35696/1275994607852_13_BASEL_II.pdf,https://www.sbi.co.in/documents/17826/35696/1275994607852_13_BASEL_II.pdf
State Bank of India,https://www.sbi.co.in/portal/web/corporate-governance/annual-report,/documents/17826/33945/Liquidity+Coverage+Ratio+Disclosure+June+2016.pdf,https://www.sbi.co.in/documents/17826/33945/Liquidity+Coverage+Ratio+Disclosure+June+2016.pdf
State Bank of India,https://www.sbi.co.in/portal/web/corporate-governance/annual-report,/documents/17826/30078/251019-SBI_LCR_Disclosure_September_Quarter_2019.pdf,https://www.sbi.co.in/documents/17826/30078/251019-SBI_LCR_Disclosure_September_Quarter_2019.pdf
State Bank of India,https://www.sbi.co.in/portal/web/corporate-governance/annual-report,/documents/17826/35696/57-61.pdf,https://www.sbi.co.in/documents/17826/35696/57-61.pdf
State Bank of India,https://www.sbi.co.in/portal/web/corporate-governance/annual-report,/documents/17826/35696/1307544010161_5.pdf,https://www.sbi.co.in/documents/17826/35696/1307544010161_5.pdf
State Bank of India,https://www.sbi.co.in/portal/web/corporate-governance/annual-report,/documents/17826/35696/Corporate_Communication_Change_20080610.pdf,https://www.sbi.co.in/documents/17826/35696/Corporate_Communication_Change_20080610.pdf
State Bank of India,https://www.sbi.co.in/portal/web/corporate-governance/annual-report,/documents/17826/34801/FINAL+P3D-DFs+June2018+DTD+10AUG2018.pdf,https://www.sbi.co.in/documents/17826/34801/FINAL+P3D-DFs+June2018+DTD+10AUG2018.pdf
State Bank of India,https://www.sbi.co.in/portal/web/corporate-governance/annual-report,/documents/17826/30078/Disclosure13012017.pdf,https://www.sbi.co.in/documents/17826/30078/Disclosure13012017.pdf
State Bank of India,https://www.sbi.co.in/portal/web/corporate-governance/annual-report,/documents/17826/30078/09112016nse.pdf,https://www.sbi.co.in/documents/17826/30078/09112016nse.pdf
State Bank of India,https://www.sbi.co.in/portal/web/corporate-governance/annual-report,/documents/17826/34475/1349501174105_DISCLOSURES_PILLAR_III_30_06_12.pdf,https://www.sbi.co.in/documents/17826/34475/1349501174105_DISCLOSURES_PILLAR_III_30_06_12.pdf
State Bank of India,https://www.sbi.co.in/portal/web/corporate-governance/annual-report,/documents/17826/30078/Reg29.pdf,https://www.sbi.co.in/documents/17826/30078/Reg29.pdf
State Bank of India,https://www.sbi.co.in/portal/web/corporate-governance/annual-report,/documents/17826/35696/Main_Account_20080610.pdf,https://www.sbi.co.in/documents/17826/35696/Main_Account_20080610.pdf
State Bank of India,https://www.sbi.co.in/portal/web/corporate-governance/annual-report,/documents/17826/33694/SB+Group+LCR+Disclosure+30.06.2018++Publication.pdf,https://www.sbi.co.in/documents/17826/33694/SB+Group+LCR+Disclosure+30.06.2018++Publication.pdf
State Bank of India,https://www.sbi.co.in/portal/web/corporate-governance/annual-report,/documents/17826/35696/1339769825519_CAPITAL_FRAMEWORK_AR12.pdf,https://www.sbi.co.in/documents/17826/35696/1339769825519_CAPITAL_FRAMEWORK_AR12.pdf
State Bank of India,https://www.sbi.co.in/portal/web/corporate-governance/annual-report,/documents/17826/30078/Disclosure31012017.pdf,https://www.sbi.co.in/documents/17826/30078/Disclosure31012017.pdf
State Bank of India,https://www.sbi.co.in/portal/web/corporate-governance/annual-report,/documents/17826/35696/213-234.pdf,https://www.sbi.co.in/documents/17826/35696/213-234.pdf
State Bank of India,https://www.sbi.co.in/portal/web/corporate-governance/annual-report,/documents/17826/17948/1305633141231_AUDITRESULTS2011.pdf,https://www.sbi.co.in/documents/17826/17948/1305633141231_AUDITRESULTS2011.pdf
State Bank of India,https://www.sbi.co.in/portal/web/corporate-governance/annual-report,/documents/17826/35696/Business_Process_Re-engineering%28BPR%29_20080610.pdf,https://www.sbi.co.in/documents/17826/35696/Business_Process_Re-engineering%28BPR%29_20080610.pdf
State Bank of India,https://www.sbi.co.in/portal/web/corporate-governance/annual-report,/documents/136/1364568/EMAIL_ID_UPDATION.pdf,https://www.sbi.co.in/documents/136/1364568/EMAIL_ID_UPDATION.pdf
State Bank of India,https://www.sbi.co.in/portal/web/corporate-governance/annual-report,/documents/17826/35696/Economic_Backdrop_+Banking_Environment_20080610.pdf,https://www.sbi.co.in/documents/17826/35696/Economic_Backdrop_+Banking_Environment_20080610.pdf
State Bank of India,https://www.sbi.co.in/portal/web/corporate-governance/annual-report,/documents/17826/33694/SB+Group+LCR+Disclosure+31st++march-+2019+.pdf,https://www.sbi.co.in/documents/17826/33694/SB+Group+LCR+Disclosure+31st++march-+2019+.pdf
State Bank of India,https://www.sbi.co.in/portal/web/corporate-governance/annual-report,/documents/17826/35696/1339769825519_DIRECTORS_REPORT2_AR12.pdf,https://www.sbi.co.in/documents/17826/35696/1339769825519_DIRECTORS_REPORT2_AR12.pdf
State Bank of India,https://www.sbi.co.in/portal/web/corporate-governance/annual-report,https://www.sbi.co.in/documents/17826/21606/Subsidiary+Bank+Act%2C%20Regulations+%26+SBH+Act_Updated+June_2014.pdf,https://www.sbi.co.in/documents/17826/21606/Subsidiary+Bank+Act%2C%20Regulations+%26+SBH+Act_Updated+June_2014.pdf
State Bank of India,https://www.sbi.co.in/portal/web/corporate-governance/annual-report,/documents/17826/33694/SB+Group+LCR+Disclosure+30-June-2016_consolidated.pdf,https://www.sbi.co.in/documents/17826/33694/SB+Group+LCR+Disclosure+30-June-2016_consolidated.pdf
State Bank of India,https://www.sbi.co.in/portal/web/corporate-governance/annual-report,/documents/17826/30078/Disclosure2478.pdf,https://www.sbi.co.in/documents/17826/30078/Disclosure2478.pdf
State Bank of India,https://www.sbi.co.in/portal/web/corporate-governance/annual-report,/documents/17826/17948/1360838040528_RESULTNOTES_Q3RESULT_DEC12.pdf,https://www.sbi.co.in/documents/17826/17948/1360838040528_RESULTNOTES_Q3RESULT_DEC12.pdf
State Bank of India,https://www.sbi.co.in/portal/web/corporate-governance/annual-report,/documents/17826/17948/1344661938104_UNAUDITED_JUN12_RESULT.pdf,https://www.sbi.co.in/documents/17826/17948/1344661938104_UNAUDITED_JUN12_RESULT.pdf
State Bank of India,https://www.sbi.co.in/portal/web/corporate-governance/annual-report,/documents/17826/34762/FINAL+P3D-DFs+DEC2017+DTD+09FEB2018.pdf,https://www.sbi.co.in/documents/17826/34762/FINAL+P3D-DFs+DEC2017+DTD+09FEB2018.pdf
State Bank of India,https://www.sbi.co.in/portal/web/corporate-governance/annual-report,/documents/17826/34723/Disclosure_III_FINAL+P3D+DEC2016+DTD+10FEB2017.pdf,https://www.sbi.co.in/documents/17826/34723/Disclosure_III_FINAL+P3D+DEC2016+DTD+10FEB2017.pdf
State Bank of India,https://www.sbi.co.in/portal/web/corporate-governance/annual-report,/documents/17826/34762/FINAL+P3D-DFs+JUN2017+DTD+11AUG2017.pdf,https://www.sbi.co.in/documents/17826/34762/FINAL+P3D-DFs+JUN2017+DTD+11AUG2017.pdf
State Bank of India,https://www.sbi.co.in/portal/web/corporate-governance/annual-report,/documents/17826/17948/SBI-Press+Release++Notes+2014-15+22052015+2.21+AM.pdf,https://www.sbi.co.in/documents/17826/17948/SBI-Press+Release++Notes+2014-15+22052015+2.21+AM.pdf
State Bank of India,https://www.sbi.co.in/portal/web/corporate-governance/annual-report,https://bank.sbi/documents/17826/21606/SBI+Act%2C+Regulations+%26+Rules+_Updated_March_2014.pdf,https://bank.sbi/documents/17826/21606/SBI+Act%2C+Regulations+%26+Rules+_Updated_March_2014.pdf
State Bank of India,https://www.sbi.co.in/portal/web/corporate-governance/annual-report,/documents/17826/34475/1364204943265_BASE_II_DISCLOSURE_311212_ENGLISH.pdf,https://www.sbi.co.in/documents/17826/34475/1364204943265_BASE_II_DISCLOSURE_311212_ENGLISH.pdf
State Bank of India,https://www.sbi.co.in/portal/web/corporate-governance/annual-report,/documents/17826/35696/1307544010161_3.pdf,https://www.sbi.co.in/documents/17826/35696/1307544010161_3.pdf
State Bank of India,https://www.sbi.co.in/portal/web/corporate-governance/annual-report,/documents/17826/34801/01022019_FINAL_P3D_DFs_Dec2018_DTD1FEB2019.pdf,https://www.sbi.co.in/documents/17826/34801/01022019_FINAL_P3D_DFs_Dec2018_DTD1FEB2019.pdf
State Bank of India,https://www.sbi.co.in/portal/web/corporate-governance/annual-report,/documents/17826/35696/29-31.pdf,https://www.sbi.co.in/documents/17826/35696/29-31.pdf
State Bank of India,https://www.sbi.co.in/portal/web/corporate-governance/annual-report,/documents/17826/30849/Sebi_listing_Merger.pdf,https://www.sbi.co.in/documents/17826/30849/Sebi_listing_Merger.pdf
State Bank of India,https://www.sbi.co.in/portal/web/corporate-governance/annual-report,/documents/17826/30078/Ann.pdf,https://www.sbi.co.in/documents/17826/30078/Ann.pdf
State Bank of India,https://www.sbi.co.in/portal/web/corporate-governance/annual-report,/documents/17826/30078/02122016.pdf,https://www.sbi.co.in/documents/17826/30078/02122016.pdf
State Bank of India,https://www.sbi.co.in/portal/web/corporate-governance/annual-report,/documents/17826/33945/SBI_LCR+Disclosure_Audited_September+2017.pdf,https://www.sbi.co.in/documents/17826/33945/SBI_LCR+Disclosure_Audited_September+2017.pdf
State Bank of India,https://www.sbi.co.in/portal/web/corporate-governance/annual-report,/documents/17826/34675/P3D+DEC2015+DTD+11FEB2016.pdf,https://www.sbi.co.in/documents/17826/34675/P3D+DEC2015+DTD+11FEB2016.pdf
State Bank of India,https://www.sbi.co.in/portal/web/corporate-governance/annual-report,/documents/17826/30078/05042017.pdf,https://www.sbi.co.in/documents/17826/30078/05042017.pdf
State Bank of India,https://www.sbi.co.in/portal/web/corporate-governance/annual-report,/documents/17826/17948/09-Dec_Results_Notes.pdf,https://www.sbi.co.in/documents/17826/17948/09-Dec_Results_Notes.pdf
State Bank of India,https://www.sbi.co.in/portal/web/corporate-governance/annual-report,/documents/17826/33694/SBI+Group+LCR+Disclosure+30.09.2017.pdf,https://www.sbi.co.in/documents/17826/33694/SBI+Group+LCR+Disclosure+30.09.2017.pdf
State Bank of India,https://www.sbi.co.in/portal/web/corporate-governance/annual-report,/documents/17826/35696/1317626978827_DIRECTORS_REPORT.pdf,https://www.sbi.co.in/documents/17826/35696/1317626978827_DIRECTORS_REPORT.pdf
State Bank of India,https://www.sbi.co.in/portal/web/corporate-governance/annual-report,/documents/17826/17948/Notice+for+proxy+and+authorisation+letter.pdf,https://www.sbi.co.in/documents/17826/17948/Notice+for+proxy+and+authorisation+letter.pdf
State Bank of India,https://www.sbi.co.in/portal/web/corporate-governance/annual-report,/documents/17826/17948/SBI+Q2-2019+Results.pdf,https://www.sbi.co.in/documents/17826/17948/SBI+Q2-2019+Results.pdf
State Bank of India,https://www.sbi.co.in/portal/web/corporate-governance/annual-report,/documents/17826/30849/letter+no+1008+dt+27.06.2016+to+bse.pdf,https://www.sbi.co.in/documents/17826/30849/letter+no+1008+dt+27.06.2016+to+bse.pdf
State Bank of India,https://www.sbi.co.in/portal/web/corporate-governance/annual-report,/documents/17826/35696/1275994607852_ANNEXURES_I_TO_V.pdf,https://www.sbi.co.in/documents/17826/35696/1275994607852_ANNEXURES_I_TO_V.pdf
State Bank of India,https://www.sbi.co.in/portal/web/corporate-governance/annual-report,/documents/17826/17948/09-DecPressAdd_with_CFS.pdf,https://www.sbi.co.in/documents/17826/17948/09-DecPressAdd_with_CFS.pdf
State Bank of India,https://www.sbi.co.in/portal/web/corporate-governance/annual-report,/documents/17826/17948/1305633141231_AUDRESULTS_NOTES.pdf,https://www.sbi.co.in/documents/17826/17948/1305633141231_AUDRESULTS_NOTES.pdf
State Bank of India,https://www.sbi.co.in/portal/web/corporate-governance/annual-report,/documents/17826/30078/05042017II.pdf,https://www.sbi.co.in/documents/17826/30078/05042017II.pdf
State Bank of India,https://www.sbi.co.in/portal/web/corporate-governance/annual-report,/documents/17826/30849/Announcement_8_sep_2016.pdf,https://www.sbi.co.in/documents/17826/30849/Announcement_8_sep_2016.pdf
State Bank of India,https://www.sbi.co.in/portal/web/corporate-governance/annual-report,/documents/17826/35696/Information_Technology_20080610.pdf,https://www.sbi.co.in/documents/17826/35696/Information_Technology_20080610.pdf
State Bank of India,https://www.sbi.co.in/portal/web/corporate-governance/annual-report,/documents/17826/30078/Disclosure98.pdf,https://www.sbi.co.in/documents/17826/30078/Disclosure98.pdf
State Bank of India,https://www.sbi.co.in/portal/web/corporate-governance/annual-report,/documents/17826/21292/FFIMMDA+Code+of+Fair+Practices+for+Debt+Markets+March+2018.pdf,https://www.sbi.co.in/documents/17826/21292/FFIMMDA+Code+of+Fair+Practices+for+Debt+Markets+March+2018.pdf
State Bank of India,https://www.sbi.co.in/portal/web/corporate-governance/annual-report,/documents/17826/35696/22-25.pdf,https://www.sbi.co.in/documents/17826/35696/22-25.pdf
State Bank of India,https://www.sbi.co.in/portal/web/corporate-governance/annual-report,/documents/17826/17948/Results+with+CFS+Sep+2014.pdf,https://www.sbi.co.in/documents/17826/17948/Results+with+CFS+Sep+2014.pdf
State Bank of India,https://www.sbi.co.in/portal/web/corporate-governance/annual-report,/documents/17826/30078/07122016.pdf,https://www.sbi.co.in/documents/17826/30078/07122016.pdf
State Bank of India,https://www.sbi.co.in/portal/web/corporate-governance/annual-report,/documents/17826/30078/03032017.pdf,https://www.sbi.co.in/documents/17826/30078/03032017.pdf
State Bank of India,https://www.sbi.co.in/portal/web/corporate-governance/annual-report,/documents/17826/21606/1343220716021_RTI_VOUCHER.pdf,https://www.sbi.co.in/documents/17826/21606/1343220716021_RTI_VOUCHER.pdf
State Bank of India,https://www.sbi.co.in/portal/web/corporate-governance/annual-report,/documents/17826/30078/Disclosure25012017.pdf,https://www.sbi.co.in/documents/17826/30078/Disclosure25012017.pdf
State Bank of India,https://www.sbi.co.in/portal/web/corporate-governance/annual-report,/documents/17826/17948/notessep2014-14112014104535.pdf,https://www.sbi.co.in/documents/17826/17948/notessep2014-14112014104535.pdf
State Bank of India,https://www.sbi.co.in/portal/web/corporate-governance/annual-report,/documents/17826/17948/1352460808156_RESULT_NOTES_SEP_12.pdf,https://www.sbi.co.in/documents/17826/17948/1352460808156_RESULT_NOTES_SEP_12.pdf
State Bank of India,https://www.sbi.co.in/portal/web/corporate-governance/annual-report,/documents/17826/35696/1275994607852_2_PERFORMANCEINDICATORS.pdf,https://www.sbi.co.in/documents/17826/35696/1275994607852_2_PERFORMANCEINDICATORS.pdf
State Bank of India,https://www.sbi.co.in/portal/web/corporate-governance/annual-report,/documents/17826/35696/49-51.pdf,https://www.sbi.co.in/documents/17826/35696/49-51.pdf
State Bank of India,https://www.sbi.co.in/portal/web/corporate-governance/annual-report,/documents/21077/0/NRI_SERVICE+CHARGES.pdf,https://www.sbi.co.in/documents/21077/0/NRI_SERVICE+CHARGES.pdf
State Bank of India,https://www.sbi.co.in/portal/web/corporate-governance/annual-report,/documents/17826/34475/1357198781557_DISCLOSURES_PILLAR_III_30_SEP_2012.pdf,https://www.sbi.co.in/documents/17826/34475/1357198781557_DISCLOSURES_PILLAR_III_30_SEP_2012.pdf
State Bank of India,https://www.sbi.co.in/portal/web/corporate-governance/annual-report,/documents/17826/17948/review+results+june+2015.pdf,https://www.sbi.co.in/documents/17826/17948/review+results+june+2015.pdf
State Bank of India,https://www.sbi.co.in/portal/web/corporate-governance/annual-report,/documents/17826/30078/Pressrelease.pdf,https://www.sbi.co.in/documents/17826/30078/Pressrelease.pdf
State Bank of India,https://www.sbi.co.in/portal/web/corporate-governance/annual-report,/documents/17826/35696/235-236.pdf,https://www.sbi.co.in/documents/17826/35696/235-236.pdf
State Bank of India,https://www.sbi.co.in/portal/web/corporate-governance/annual-report,/documents/17826/17948/1232788210234-Notes_08-Dec.pdf,https://www.sbi.co.in/documents/17826/17948/1232788210234-Notes_08-Dec.pdf
State Bank of India,https://www.sbi.co.in/portal/web/corporate-governance/annual-report,/documents/17826/35696/Annual_Report_2023.pdf,https://www.sbi.co.in/documents/17826/35696/Annual_Report_2023.pdf
State Bank of India,https://www.sbi.co.in/portal/web/corporate-governance/annual-report,/documents/17826/34762/FINAL+P3D+SEP2017-DF+TABLES+10NOV2017.pdf,https://www.sbi.co.in/documents/17826/34762/FINAL+P3D+SEP2017-DF+TABLES+10NOV2017.pdf
State Bank of India,https://www.sbi.co.in/portal/web/corporate-governance/annual-report,/documents/17826/30998/isin9130+letter+no+350+dt+16.05.16+to+nse_1.pdf,https://www.sbi.co.in/documents/17826/30998/isin9130+letter+no+350+dt+16.05.16+to+nse_1.pdf
State Bank of India,https://www.sbi.co.in/portal/web/corporate-governance/annual-report,/documents/17826/35696/61-65.pdf,https://www.sbi.co.in/documents/17826/35696/61-65.pdf
State Bank of India,https://www.sbi.co.in/portal/web/corporate-governance/annual-report,/documents/17826/35696/161-212.pdf,https://www.sbi.co.in/documents/17826/35696/161-212.pdf
State Bank of India,https://www.sbi.co.in/portal/web/corporate-governance/annual-report,/documents/17826/30998/isin9130+letter+no+350+dt+16.05.16+to+nse.pdf,https://www.sbi.co.in/documents/17826/30998/isin9130+letter+no+350+dt+16.05.16+to+nse.pdf
State Bank of India,https://www.sbi.co.in/portal/web/corporate-governance/annual-report,/documents/17826/35696/SR_2017_2018.pdf,https://www.sbi.co.in/documents/17826/35696/SR_2017_2018.pdf
State Bank of India,https://www.sbi.co.in/portal/web/corporate-governance/annual-report,/documents/17826/30998/isin9029+letter+no+351+dt+16.05.16+to+bse.pdf,https://www.sbi.co.in/documents/17826/30998/isin9029+letter+no+351+dt+16.05.16+to+bse.pdf
State Bank of India,https://www.sbi.co.in/portal/web/corporate-governance/annual-report,/documents/17826/33945/Liquidity+Coverage+Ratio+Disclosure+March+2016_1.pdf,https://www.sbi.co.in/documents/17826/33945/Liquidity+Coverage+Ratio+Disclosure+March+2016_1.pdf
State Bank of India,https://www.sbi.co.in/portal/web/corporate-governance/annual-report,/documents/17826/35696/1275994607852_11_BALANCESHEET_SBI.pdf,https://www.sbi.co.in/documents/17826/35696/1275994607852_11_BALANCESHEET_SBI.pdf
State Bank of India,https://www.sbi.co.in/portal/web/corporate-governance/annual-report,/documents/17826/17948/Notes_Sep17.pdf,https://www.sbi.co.in/documents/17826/17948/Notes_Sep17.pdf
State Bank of India,https://www.sbi.co.in/portal/web/corporate-governance/annual-report,/documents/136/1364568/161223-Amrit+Kalash+Deposit.pdf,https://www.sbi.co.in/documents/136/1364568/161223-Amrit+Kalash+Deposit.pdf
State Bank of India,https://www.sbi.co.in/portal/web/corporate-governance/annual-report,/documents/17826/30998/advise+to+stock+exchanges+9029_1.pdf,https://www.sbi.co.in/documents/17826/30998/advise+to+stock+exchanges+9029_1.pdf
State Bank of India,https://www.sbi.co.in/portal/web/corporate-governance/annual-report,/documents/17826/30078/02012017.pdf,https://www.sbi.co.in/documents/17826/30078/02012017.pdf
State Bank of India,https://www.sbi.co.in/portal/web/corporate-governance/annual-report,/documents/17826/33694/SB+Group+LCR+Disclosure+31-+March-+2016_1.pdf,https://www.sbi.co.in/documents/17826/33694/SB+Group+LCR+Disclosure+31-+March-+2016_1.pdf
State Bank of India,https://www.sbi.co.in/portal/web/corporate-governance/annual-report,/documents/17826/35696/Associates-and_Subsidiaries_20080610.pdf,https://www.sbi.co.in/documents/17826/35696/Associates-and_Subsidiaries_20080610.pdf
State Bank of India,https://www.sbi.co.in/portal/web/corporate-governance/annual-report,/documents/17826/30849/Disclosure22092016.pdf,https://www.sbi.co.in/documents/17826/30849/Disclosure22092016.pdf
State Bank of India,https://www.sbi.co.in/portal/web/corporate-governance/annual-report,/documents/17826/30849/Dis29092016.pdf,https://www.sbi.co.in/documents/17826/30849/Dis29092016.pdf
State Bank of India,https://www.sbi.co.in/portal/web/corporate-governance/annual-report,/documents/17826/35696/1339769825519_SBI_GROUP_FINANCIALS_AR12.pdf,https://www.sbi.co.in/documents/17826/35696/1339769825519_SBI_GROUP_FINANCIALS_AR12.pdf
State Bank of India,https://www.sbi.co.in/portal/web/corporate-governance/annual-report,/documents/17826/30078/Gazette.pdf,https://www.sbi.co.in/documents/17826/30078/Gazette.pdf
State Bank of India,https://www.sbi.co.in/portal/web/corporate-governance/annual-report,/documents/17826/30078/DirectorResignaton.pdf,https://www.sbi.co.in/documents/17826/30078/DirectorResignaton.pdf
State Bank of India,https://www.sbi.co.in/portal/web/corporate-governance/annual-report,/documents/17826/17948/01022019_Results_Dec18.pdf,https://www.sbi.co.in/documents/17826/17948/01022019_Results_Dec18.pdf
State Bank of India,https://www.sbi.co.in/portal/web/corporate-governance/annual-report,/documents/17826/35696/32-35.pdf,https://www.sbi.co.in/documents/17826/35696/32-35.pdf
State Bank of India,https://www.sbi.co.in/portal/web/corporate-governance/annual-report,/documents/17826/35696/8.pdf,https://www.sbi.co.in/documents/17826/35696/8.pdf
State Bank of India,https://www.sbi.co.in/portal/web/corporate-governance/annual-report,/documents/17826/35696/Rural_Business_Group_20080610.pdf,https://www.sbi.co.in/documents/17826/35696/Rural_Business_Group_20080610.pdf
State Bank of India,https://www.sbi.co.in/portal/web/corporate-governance/annual-report,/documents/17826/30078/Disclosure05042017.pdf,https://www.sbi.co.in/documents/17826/30078/Disclosure05042017.pdf
State Bank of India,https://www.sbi.co.in/portal/web/corporate-governance/annual-report,/documents/17826/35696/1275994607852_12_BALANCESHEET_SBI_GROUP.pdf,https://www.sbi.co.in/documents/17826/35696/1275994607852_12_BALANCESHEET_SBI_GROUP.pdf
State Bank of India,https://www.sbi.co.in/portal/web/corporate-governance/annual-report,/documents/17826/30078/Disclosure27032017.pdf,https://www.sbi.co.in/documents/17826/30078/Disclosure27032017.pdf
State Bank of India,https://www.sbi.co.in/portal/web/corporate-governance/annual-report,/documents/17826/35696/Corporate-Governance_20080610.pdf,https://www.sbi.co.in/documents/17826/35696/Corporate-Governance_20080610.pdf
State Bank of India,https://www.sbi.co.in/portal/web/corporate-governance/annual-report,/documents/17826/33945/Revised+LCR+disclosure++June+2015.pdf,https://www.sbi.co.in/documents/17826/33945/Revised+LCR+disclosure++June+2015.pdf
State Bank of India,https://www.sbi.co.in/portal/web/corporate-governance/annual-report,/documents/17826/35696/1307544010161_11.pdf,https://www.sbi.co.in/documents/17826/35696/1307544010161_11.pdf
State Bank of India,https://www.sbi.co.in/portal/web/corporate-governance/annual-report,/documents/17826/34675/P3D+SEPT2015+06NOV2015+REV+DF11+19DEC2015.pdf,https://www.sbi.co.in/documents/17826/34675/P3D+SEPT2015+06NOV2015+REV+DF11+19DEC2015.pdf
State Bank of India,https://www.sbi.co.in/portal/web/corporate-governance/annual-report,/documents/21077/35799534/020823-SBI+-+Global+Connect_NRI+news+letter+July+2023.pdf,https://www.sbi.co.in/documents/21077/35799534/020823-SBI+-+Global+Connect_NRI+news+letter+July+2023.pdf
State Bank of India,https://www.sbi.co.in/portal/web/corporate-governance/annual-report,/documents/17826/17948/1225082758046-pressrel.pdf,https://www.sbi.co.in/documents/17826/17948/1225082758046-pressrel.pdf
State Bank of India,https://www.sbi.co.in/portal/web/corporate-governance/annual-report,/documents/17826/17948/UNAUDITED_FINANCIAL_RESULTS_FOR_QUARTER_ENDED_30TH_JUNE_2016.pdf,https://www.sbi.co.in/documents/17826/17948/UNAUDITED_FINANCIAL_RESULTS_FOR_QUARTER_ENDED_30TH_JUNE_2016.pdf
State Bank of India,https://www.sbi.co.in/portal/web/corporate-governance/annual-report,/documents/17826/30078/Disclosure24.pdf,https://www.sbi.co.in/documents/17826/30078/Disclosure24.pdf
State Bank of India,https://www.sbi.co.in/portal/web/corporate-governance/annual-report,/documents/17826/30078/Disclosure03032017.pdf,https://www.sbi.co.in/documents/17826/30078/Disclosure03032017.pdf
State Bank of India,https://www.sbi.co.in/portal/web/corporate-governance/annual-report,/documents/17826/33694/01022019_SBGroup_LCR_DisclosurE31122018.pdf,https://www.sbi.co.in/documents/17826/33694/01022019_SBGroup_LCR_DisclosurE31122018.pdf
State Bank of India,https://www.sbi.co.in/portal/web/corporate-governance/annual-report,/documents/17826/35696/National_Banking_Group_20080610.pdf,https://www.sbi.co.in/documents/17826/35696/National_Banking_Group_20080610.pdf
State Bank of India,https://www.sbi.co.in/portal/web/corporate-governance/annual-report,/documents/17826/17948/Disclosure09122016_1.pdf,https://www.sbi.co.in/documents/17826/17948/Disclosure09122016_1.pdf
State Bank of India,https://www.sbi.co.in/portal/web/corporate-governance/annual-report,/documents/17826/17948/1400837521366_SBI_AUDITED_FINANCIAL_RESULTS_FY14.pdf,https://www.sbi.co.in/documents/17826/17948/1400837521366_SBI_AUDITED_FINANCIAL_RESULTS_FY14.pdf
State Bank of India,https://www.sbi.co.in/portal/web/corporate-governance/annual-report,https://www.sbi.co.in/documents/17826/24027/Disclosure+Document+for+PMS_Mar_2015.pdf,https://www.sbi.co.in/documents/17826/24027/Disclosure+Document+for+PMS_Mar_2015.pdf
State Bank of India,https://www.sbi.co.in/portal/web/corporate-governance/annual-report,/documents/17826/30849/letter%20no%201006%20dt%2027.06.2016%20to%20bse.pdf,https://www.sbi.co.in/documents/17826/30849/letter%20no%201006%20dt%2027.06.2016%20to%20bse.pdf
State Bank of India,https://www.sbi.co.in/portal/web/corporate-governance/annual-report,/documents/17826/17948/1340263865695_AUDRESULTS_NOTES_MAR_12.pdf,https://www.sbi.co.in/documents/17826/17948/1340263865695_AUDRESULTS_NOTES_MAR_12.pdf
State Bank of India,https://www.sbi.co.in/portal/web/corporate-governance/annual-report,/documents/17826/21606/IBI+Rmployees+Pension++Gurantee+Fund+Balance+Sheet+as+on+31+03+2014_latest.pdf,https://www.sbi.co.in/documents/17826/21606/IBI+Rmployees+Pension++Gurantee+Fund+Balance+Sheet+as+on+31+03+2014_latest.pdf
State Bank of India,https://www.sbi.co.in/portal/web/corporate-governance/annual-report,/documents/17826/35696/1307544010161_8.pdf,https://www.sbi.co.in/documents/17826/35696/1307544010161_8.pdf
State Bank of India,https://www.sbi.co.in/portal/web/corporate-governance/annual-report,/documents/17826/33694/SB+Group+LCR+Disclosure+30th+June-+2017+final.pdf,https://www.sbi.co.in/documents/17826/33694/SB+Group+LCR+Disclosure+30th+June-+2017+final.pdf
State Bank of India,https://www.sbi.co.in/portal/web/corporate-governance/annual-report,/documents/17826/30078/II03042017.pdf,https://www.sbi.co.in/documents/17826/30078/II03042017.pdf
State Bank of India,https://www.sbi.co.in/portal/web/corporate-governance/annual-report,/documents/17826/30849/1007.pdf,https://www.sbi.co.in/documents/17826/30849/1007.pdf
State Bank of India,https://www.sbi.co.in/portal/web/corporate-governance/annual-report,/documents/17826/35696/Business_Inteligence_20080610.pdf,https://www.sbi.co.in/documents/17826/35696/Business_Inteligence_20080610.pdf
State Bank of India,https://www.sbi.co.in/portal/web/corporate-governance/annual-report,/documents/17826/17948/1369309007740_SBI_AUDITED_FINANCIAL_RESULTS_FY13.pdf,https://www.sbi.co.in/documents/17826/17948/1369309007740_SBI_AUDITED_FINANCIAL_RESULTS_FY13.pdf
State Bank of India,https://www.sbi.co.in/portal/web/corporate-governance/annual-report,/documents/17826/17948/Results+SBI++Dec+2014.pdf,https://www.sbi.co.in/documents/17826/17948/Results+SBI++Dec+2014.pdf
State Bank of India,https://www.sbi.co.in/portal/web/corporate-governance/annual-report,/documents/17826/35696/237-238.pdf,https://www.sbi.co.in/documents/17826/35696/237-238.pdf
State Bank of India,https://www.sbi.co.in/portal/web/corporate-governance/annual-report,/documents/17826/30078/Disclosure09032017.pdf,https://www.sbi.co.in/documents/17826/30078/Disclosure09032017.pdf
State Bank of India,https://www.sbi.co.in/portal/web/corporate-governance/annual-report,/documents/17826/30998/advise+to+stock+exchange9064_1.pdf,https://www.sbi.co.in/documents/17826/30998/advise+to+stock+exchange9064_1.pdf
State Bank of India,https://www.sbi.co.in/portal/web/corporate-governance/annual-report,/documents/21077/54394/150423-DOs+and+DONt+for+NRI+customers+V1.pdf,https://www.sbi.co.in/documents/21077/54394/150423-DOs+and+DONt+for+NRI+customers+V1.pdf
State Bank of India,https://www.sbi.co.in/portal/web/corporate-governance/annual-report,/documents/17826/35696/SBI+_SR_8mar_Hindi_v18.pdf,https://www.sbi.co.in/documents/17826/35696/SBI+_SR_8mar_Hindi_v18.pdf
State Bank of India,https://www.sbi.co.in/portal/web/corporate-governance/annual-report,/documents/17826/35696/1275994607852_15_ATTENDANCESLEEP.pdf,https://www.sbi.co.in/documents/17826/35696/1275994607852_15_ATTENDANCESLEEP.pdf
State Bank of India,https://www.sbi.co.in/portal/web/corporate-governance/annual-report,/documents/17826/17948/Results_Sep17.pdf,https://www.sbi.co.in/documents/17826/17948/Results_Sep17.pdf
State Bank of India,https://www.sbi.co.in/portal/web/corporate-governance/annual-report,https://www.sbi.co.in/documents/17826/17948/15062021_Sustainability+%26+Business+Responsibility+%28BR%29+Policy.pdf,https://www.sbi.co.in/documents/17826/17948/15062021_Sustainability+%26+Business+Responsibility+%28BR%29+Policy.pdf
State Bank of India,https://www.sbi.co.in/portal/web/corporate-governance/annual-report,/documents/17826/30078/04012017.pdf,https://www.sbi.co.in/documents/17826/30078/04012017.pdf
State Bank of India,https://www.sbi.co.in/portal/web/corporate-governance/annual-report,/documents/17826/30078/Disclosure25102016_new.pdf,https://www.sbi.co.in/documents/17826/30078/Disclosure25102016_new.pdf
State Bank of India,https://www.sbi.co.in/portal/web/corporate-governance/annual-report,/documents/17826/35696/1275994607852_7_PERFORMANCEHIGHLIGHTS.pdf,https://www.sbi.co.in/documents/17826/35696/1275994607852_7_PERFORMANCEHIGHLIGHTS.pdf
State Bank of India,https://www.sbi.co.in/portal/web/corporate-governance/annual-report,/documents/17826/35696/108-160.pdf,https://www.sbi.co.in/documents/17826/35696/108-160.pdf
State Bank of India,https://www.sbi.co.in/portal/web/corporate-governance/annual-report,/documents/17826/30078/Disclsoure17112016.pdf,https://www.sbi.co.in/documents/17826/30078/Disclsoure17112016.pdf
State Bank of India,https://www.sbi.co.in/portal/web/corporate-governance/annual-report,/documents/17826/35696/11-21.pdf,https://www.sbi.co.in/documents/17826/35696/11-21.pdf
State Bank of India,https://www.sbi.co.in/portal/web/corporate-governance/annual-report,/documents/16012/36632907/100120241128-T%26C_EWLP_Tap+and+Win+Campaign_Eng.pdf,https://www.sbi.co.in/documents/16012/36632907/100120241128-T%26C_EWLP_Tap+and+Win+Campaign_Eng.pdf
State Bank of India,https://www.sbi.co.in/portal/web/corporate-governance/annual-report,/documents/17826/35696/1339769825519_COVERPAGE3_AR12.pdf,https://www.sbi.co.in/documents/17826/35696/1339769825519_COVERPAGE3_AR12.pdf
State Bank of India,https://www.sbi.co.in/portal/web/corporate-governance/annual-report,/documents/17826/34675/FINAL+P3D+MAR2016+27MAY2016+1310HRS.pdf,https://www.sbi.co.in/documents/17826/34675/FINAL+P3D+MAR2016+27MAY2016+1310HRS.pdf
State Bank of India,https://www.sbi.co.in/portal/web/corporate-governance/annual-report,/documents/17826/30078/Disclosure14032017.pdf,https://www.sbi.co.in/documents/17826/30078/Disclosure14032017.pdf
State Bank of India,https://www.sbi.co.in/portal/web/corporate-governance/annual-report,/documents/17826/35696/51-57.pdf,https://www.sbi.co.in/documents/17826/35696/51-57.pdf
State Bank of India,https://www.sbi.co.in/portal/web/corporate-governance/annual-report,/documents/17826/30849/1006.pdf,https://www.sbi.co.in/documents/17826/30849/1006.pdf
State Bank of India,https://www.sbi.co.in/portal/web/corporate-governance/annual-report,/documents/17826/30078/Disclosure05102016.pdf,https://www.sbi.co.in/documents/17826/30078/Disclosure05102016.pdf
State Bank of India,https://www.sbi.co.in/portal/web/corporate-governance/annual-report,/documents/17826/35696/1275994607852_8_RESPONSIBILITYSTATEACK.pdf,https://www.sbi.co.in/documents/17826/35696/1275994607852_8_RESPONSIBILITYSTATEACK.pdf
State Bank of India,https://www.sbi.co.in/portal/web/corporate-governance/annual-report,/documents/17826/35696/International_Banking-Group_20080610.pdf,https://www.sbi.co.in/documents/17826/35696/International_Banking-Group_20080610.pdf
State Bank of India,https://www.sbi.co.in/portal/web/corporate-governance/annual-report,/documents/17826/17948/1392368740125_SBI_RESULT_NOTE_31_DEC13.pdf,https://www.sbi.co.in/documents/17826/17948/1392368740125_SBI_RESULT_NOTE_31_DEC13.pdf
State Bank of India,https://www.sbi.co.in/portal/web/corporate-governance/annual-report,/documents/17826/30849/Final_8_sep_2016.pdf,https://www.sbi.co.in/documents/17826/30849/Final_8_sep_2016.pdf
State Bank of India,https://www.sbi.co.in/portal/web/corporate-governance/annual-report,/documents/17826/17948/1320824088239_2011_SEPTEMBER_RESULTS_NOTES.pdf,https://www.sbi.co.in/documents/17826/17948/1320824088239_2011_SEPTEMBER_RESULTS_NOTES.pdf
State Bank of India,https://www.sbi.co.in/portal/web/corporate-governance/annual-report,/documents/17826/35696/1307544010161_10.pdf,https://www.sbi.co.in/documents/17826/35696/1307544010161_10.pdf
State Bank of India,https://www.sbi.co.in/portal/web/corporate-governance/annual-report,/documents/17826/35696/39-43.pdf,https://www.sbi.co.in/documents/17826/35696/39-43.pdf
State Bank of India,https://www.sbi.co.in/portal/web/corporate-governance/annual-report,/documents/17826/33945/SBI_LCR+Disclosure_July_Sept+Qtr_2018.pdf,https://www.sbi.co.in/documents/17826/33945/SBI_LCR+Disclosure_July_Sept+Qtr_2018.pdf
State Bank of India,https://www.sbi.co.in/portal/web/corporate-governance/annual-report,/documents/17826/30078/Disclosure06032017.pdf,https://www.sbi.co.in/documents/17826/30078/Disclosure06032017.pdf
State Bank of India,https://www.sbi.co.in/portal/web/corporate-governance/annual-report,/documents/17826/33945/LCR+disclosure++December+2015.pdf,https://www.sbi.co.in/documents/17826/33945/LCR+disclosure++December+2015.pdf
State Bank of India,https://www.sbi.co.in/portal/web/corporate-governance/annual-report,/documents/17826/30078/Disclosure_24112016.pdf,https://www.sbi.co.in/documents/17826/30078/Disclosure_24112016.pdf
State Bank of India,https://www.sbi.co.in/portal/web/corporate-governance/annual-report,/documents/14463/22577/05042021_CO-LENDING++POLICY+DATED++04022021.pdf,https://www.sbi.co.in/documents/14463/22577/05042021_CO-LENDING++POLICY+DATED++04022021.pdf
State Bank of India,https://www.sbi.co.in/portal/web/corporate-governance/annual-report,/documents/17826/30849/07122016_1.pdf,https://www.sbi.co.in/documents/17826/30849/07122016_1.pdf
State Bank of India,https://www.sbi.co.in/portal/web/corporate-governance/annual-report,/documents/17826/17948/Results_Dec17.pdf,https://www.sbi.co.in/documents/17826/17948/Results_Dec17.pdf
State Bank of India,https://www.sbi.co.in/portal/web/corporate-governance/annual-report,/documents/17826/30078/Disclosure24102016_1.pdf,https://www.sbi.co.in/documents/17826/30078/Disclosure24102016_1.pdf
State Bank of India,https://www.sbi.co.in/portal/web/corporate-governance/annual-report,/documents/17826/30078/Disclosure30032017.pdf,https://www.sbi.co.in/documents/17826/30078/Disclosure30032017.pdf
State Bank of India,https://www.sbi.co.in/portal/web/corporate-governance/annual-report,/documents/17826/17948/2015+September+Notes.pdf,https://www.sbi.co.in/documents/17826/17948/2015+September+Notes.pdf
State Bank of India,https://www.sbi.co.in/portal/web/corporate-governance/annual-report,/documents/17826/35696/64-67.pdf,https://www.sbi.co.in/documents/17826/35696/64-67.pdf
State Bank of India,https://www.sbi.co.in/portal/web/corporate-governance/annual-report,/documents/16012/13986967/250723-SBI_WORLD_BANK_JULU2023.pdf,https://www.sbi.co.in/documents/16012/13986967/250723-SBI_WORLD_BANK_JULU2023.pdf
State Bank of India,https://www.sbi.co.in/portal/web/corporate-governance/annual-report,/documents/17826/30078/Disclosure2619.pdf,https://www.sbi.co.in/documents/17826/30078/Disclosure2619.pdf
State Bank of India,https://www.sbi.co.in/portal/web/corporate-governance/annual-report,/documents/17826/34675/P3D+JUN2015+11AUG2015+REV+IFRS+ADJ.pdf,https://www.sbi.co.in/documents/17826/34675/P3D+JUN2015+11AUG2015+REV+IFRS+ADJ.pdf
State Bank of India,https://www.sbi.co.in/portal/web/corporate-governance/annual-report,/documents/17826/30078/Disclosure04112016.pdf,https://www.sbi.co.in/documents/17826/30078/Disclosure04112016.pdf
State Bank of India,https://www.sbi.co.in/portal/web/corporate-governance/annual-report,/documents/17826/34801/FINAL+P3D-DFs+Sept2018+DTD+11NOV2018.pdf,https://www.sbi.co.in/documents/17826/34801/FINAL+P3D-DFs+Sept2018+DTD+11NOV2018.pdf
State Bank of India,https://www.sbi.co.in/portal/web/corporate-governance/annual-report,/documents/17826/35696/1339769825519_CORPORATE_GOVERNANCE_AR12.pdf,https://www.sbi.co.in/documents/17826/35696/1339769825519_CORPORATE_GOVERNANCE_AR12.pdf
State Bank of India,https://www.sbi.co.in/portal/web/corporate-governance/annual-report,/documents/17826/33945/SBI_LCR+Disclosure_31.12.2018.pdf,https://www.sbi.co.in/documents/17826/33945/SBI_LCR+Disclosure_31.12.2018.pdf
State Bank of India,https://www.sbi.co.in/portal/web/corporate-governance/annual-report,/documents/17826/17948/2014+December+Notes.pdf,https://www.sbi.co.in/documents/17826/17948/2014+December+Notes.pdf
State Bank of India,https://www.sbi.co.in/portal/web/corporate-governance/annual-report,/documents/17826/30078/18042017.pdf,https://www.sbi.co.in/documents/17826/30078/18042017.pdf
State Bank of India,https://www.sbi.co.in/portal/web/corporate-governance/annual-report,/documents/16012/25448726/010723-account+aggregator+data+for+website+publication+english.pdf,https://www.sbi.co.in/documents/16012/25448726/010723-account+aggregator+data+for+website+publication+english.pdf
State Bank of India,https://www.sbi.co.in/portal/web/corporate-governance/annual-report,/documents/17826/30078/Disclosure26102016.pdf,https://www.sbi.co.in/documents/17826/30078/Disclosure26102016.pdf
State Bank of India,https://www.sbi.co.in/portal/web/corporate-governance/annual-report,/documents/17826/35696/1275994607852_14_PROXYFORM.pdf,https://www.sbi.co.in/documents/17826/35696/1275994607852_14_PROXYFORM.pdf
State Bank of India,https://www.sbi.co.in/portal/web/corporate-governance/annual-report,/documents/17826/35696/1275994607852_5_DIRECTORSREPORT.pdf,https://www.sbi.co.in/documents/17826/35696/1275994607852_5_DIRECTORSREPORT.pdf
State Bank of India,https://www.sbi.co.in/portal/web/corporate-governance/annual-report,/documents/17826/30078/Disclosure.pdf,https://www.sbi.co.in/documents/17826/30078/Disclosure.pdf
State Bank of India,https://www.sbi.co.in/portal/web/corporate-governance/annual-report,/documents/17826/35696/List_of_Director_20080610.pdf,https://www.sbi.co.in/documents/17826/35696/List_of_Director_20080610.pdf
State Bank of India,https://www.sbi.co.in/portal/web/corporate-governance/annual-report,/documents/17826/17948/Final2010_PressAddwith_CFS.pdf,https://www.sbi.co.in/documents/17826/17948/Final2010_PressAddwith_CFS.pdf
State Bank of India,https://www.sbi.co.in/portal/web/corporate-governance/annual-report,/documents/17826/33945/SBI+Whole+Bank_LCR+Disclosure_31st+March+2018.pdf,https://www.sbi.co.in/documents/17826/33945/SBI+Whole+Bank_LCR+Disclosure_31st+March+2018.pdf
State Bank of India,https://www.sbi.co.in/portal/web/corporate-governance/annual-report,/documents/17826/35696/1339769825519_CONTENTS_AR12.pdf,https://www.sbi.co.in/documents/17826/35696/1339769825519_CONTENTS_AR12.pdf
State Bank of India,https://www.sbi.co.in/portal/web/corporate-governance/annual-report,/documents/17826/35696/Global_Market_20080610.pdf,https://www.sbi.co.in/documents/17826/35696/Global_Market_20080610.pdf
State Bank of India,https://www.sbi.co.in/portal/web/corporate-governance/annual-report,/documents/14463/3756850/041022-BA+Policy.pdf,https://www.sbi.co.in/documents/14463/3756850/041022-BA+Policy.pdf
State Bank of India,https://www.sbi.co.in/portal/web/corporate-governance/annual-report,/documents/17826/35696/Highlights_20080610.pdf,https://www.sbi.co.in/documents/17826/35696/Highlights_20080610.pdf
State Bank of India,https://www.sbi.co.in/portal/web/corporate-governance/annual-report,/documents/136/1364568/BCSBI_CODE.pdf,https://www.sbi.co.in/documents/136/1364568/BCSBI_CODE.pdf
State Bank of India,https://www.sbi.co.in/portal/web/corporate-governance/annual-report,/documents/17826/30078/02052017.pdf,https://www.sbi.co.in/documents/17826/30078/02052017.pdf
State Bank of India,https://www.sbi.co.in/portal/web/corporate-governance/annual-report,/documents/17826/30078/Disclosure26102016_new.pdf,https://www.sbi.co.in/documents/17826/30078/Disclosure26102016_new.pdf
State Bank of India,https://www.sbi.co.in/portal/web/corporate-governance/annual-report,/documents/17826/35696/Risk_Management_Internal_Controls20080610.pdf,https://www.sbi.co.in/documents/17826/35696/Risk_Management_Internal_Controls20080610.pdf
State Bank of India,https://www.sbi.co.in/portal/web/corporate-governance/annual-report,/documents/17826/30078/Disclosureunderreg30.pdf,https://www.sbi.co.in/documents/17826/30078/Disclosureunderreg30.pdf
State Bank of India,https://www.sbi.co.in/portal/web/corporate-governance/annual-report,/documents/17826/35696/69-71.pdf,https://www.sbi.co.in/documents/17826/35696/69-71.pdf
State Bank of India,https://www.sbi.co.in/portal/web/corporate-governance/annual-report,/documents/17826/17948/Results_Jun17.pdf,https://www.sbi.co.in/documents/17826/17948/Results_Jun17.pdf
State Bank of India,https://www.sbi.co.in/portal/web/corporate-governance/annual-report,/documents/14463/22577/20012023_Mircorfinance+Loan+Policy+for+Publication.pdf,https://www.sbi.co.in/documents/14463/22577/20012023_Mircorfinance+Loan+Policy+for+Publication.pdf
State Bank of India,https://www.sbi.co.in/portal/web/corporate-governance/annual-report,/documents/17826/30078/Disclosure01102016.pdf,https://www.sbi.co.in/documents/17826/30078/Disclosure01102016.pdf
State Bank of India,https://www.sbi.co.in/portal/web/corporate-governance/annual-report,/documents/17826/34723/final+p3d+march2017-df+tables+19may2017.pdf,https://www.sbi.co.in/documents/17826/34723/final+p3d+march2017-df+tables+19may2017.pdf
